Code,Description
1,A-WELD MARK
2,FLOW MISS
10,UNKNOWN
11,BLACK SPOTS
11,LIGHT SPRAY
12,ASM PITS
12,BURR
13,Door Foil Heat Shield
14,PLASTIC ON OVERLAY
15,DOOR SPACER ASSM WRONG
16,DOOR TAPE VISIBLE ASMWRG
17,DR HANDLE-SCREW DEF
18,SS DRW-PANEL-DEF
19,DOOR BAFFLE LOOSE
20,ROUGH SPRAY
21,SS DRAWER PANEL DAMAGED
21,UNKNOWN
41,A-WATER
112,UNKNOWN
112,CONTAMINATION
113,LUMP
123,UNKNOWN
203,BKGD ASSEMBLY ASMD WRG
206,BKGD ASSEMBLY DAMAGED
209,BKGD ASSEMBLY LOOSE
210,BKGD ASSEMBLY MISSING
219,BKGD ASSEMBLY WRONG PART
232,VACUUM SCAR
301,BASE RAIL ASSEMBLED WNG
304,BASE RAIL/MODULE DEFECT
305,BASE RAIL WRONG
306,BASE RAIL LOOSE
307,BASE RAIL/MODULE MISSING
314,BASE PAD DEFECTIVE
315,BASE RAIL/MODULE DAMAGED
316,BASE PAD DAMAGED
404,BODYSIDE DAMAGED
406,BODYSIDE MISSING
407,BODYSIDE SCREW LOOSE
408,BODYSIDE SCREW MISSING
410,BODYSIDE DEFECT
426,BODYSIDE ASSEMBLED WRONG
427,BODYSIDE LOOSE
428,BODYSIDE WRONG PART
429,BODYSIDE FOAM MISSING
430,BODYSIDE FOAM ASM WRONG
431,BODYSIDE FOAM DAMAGED
432,BODYSIDE FOAM LOOSE
433,BODYSIDE OFF GROMMET
434,Bdyside Strike Loos Miss
504,UNKNOWN
550,BROIL ELEMENT DEFECTIVE
704,BURNER BOX BTM DEFECTIVE
705,BURNER BOX BTM WRG PART
727,BURNER BOX BTM DAMAGED
728,BURNER BOX BTM ASM WRONG
729,BURNER BOX BTM LOOSE
730,BURNER BOX BTM MISSING
731,BURNER BOX BTM CHIPPED
750,BUZZER/BEEPER DEFECTIVE
751,BUZZER/BEEPER UNPLUGGED
752,BUZZER/BEEPER LOOSE
753,BUZZER/BEEPER MISSING
754,BUZZER/BEEPER ASM WRONG
755,BUZZER/BEEPER WRONG PART
850,CAVITY SCREW MISSING
851,CAVITY SCREW WRONG PART
852,CAVITY SCREW LOOSE UPPER
853,CAVITY SCREW LOOSE LOWER
874,CAV DMGD ADD WIPE
875,CAVITY CHIP ADD WASHERS
876,CAVITY SCREW LOOSE
900,UNIT FELL OFF MAINLINE
901,DMGD IN PREPACK AREA
1000,Control Harn Wrong Part
1005,Main Harness Wrong Part
1012,TOUCH HARNESS ASM WRONG
1013,TOUCH HARNESS UNPLUGGED
1014,TOUCH HARNESS DEFECTIVE
1015,TOUCH BOARD DEFECTIVE
1020,Mach Cntl Brd Defective
1021,Mach Cntl Brd Wrg Part
1022,DAM CONTROL DEFECTIVE
1023,DAM CONTROL CROSSWIRED
1024,E-PROM UPDATE
1025,NETWORK CABLE DEFECTIVE
1026,DAM CONTROL UNPLUGGED
1030,CRC CHECK
1031,CRC Passed
1032,CRC Failed
1050,CONTROL BOARD ASM WRONG
1051,Control Program Failure
1052,Control Wrong Program
1075,SOFTWARE VERSION WRONG
1076,SOFTWARE DIDN`T LOAD
1079,Communication Wire Def
1080,COMMUNICATION CABLE DEF
1081,COMMUNICATION HARN DMGD
1082,GEA2 Comm Fault
1096,ERC WIRE UNPLUGGED
1097,ERC Pigtail Unplugged
1109,GLASS BKGD DAMAGED
1110,GLASS DOOR OUTER DAMAGED
1113,CNTL PNL GLASS WRG PART
1114,CNTL PNL GLASS UNPLUGGED
1115,CON PAN SCREEN DEF
1125,MAINTOP GLASS ASM WRG
1126,MAINTOP GLASS DAMAGED
1127,MAINTOP GLASS DEFECTIVE
1128,MAINTOP GLASS LOOSE
1129,MT GLASS MISSING
1130,MAINTOP GLASS WRONG
1135,MAINTOP GLASS BACKWARDS
1140,MAINTOP EXCESS RTV
1141,Bad Screen on Glass
1150,SS MT MISSING
1175,Enter (Knob) Defective
1234,A-VACUUM SCAR
1250,REGULATORS DAMAGED
1252,REGULATORS ASM WRONG
1253,REGULATORS DEFECTIVE
1254,REGULATORS LEAK
1256,REGULATORS LOOSE
1257,REGULATORS MISSING
1301,DOOR ASSEMBLY ALIGN LO
1302,DOOR ASSEMBLY SQUEAK
1304,DOOR ASSEMBLY BINDS
1308,DOOR ASSEMBLY WRONG PART
1309,DOOR ASSEMBLY DAMAGED
1311,DOOR ASSEMBLY DEFECTIVE
1312,DOOR ASSEMBLY ASMB WRONG
1313,DOOR ASSEMBLY LOOSE
1314,DOOR ASSEMBLY MISSING
1315,DOOR ASSEMBLY RATTLE
1316,DOOR LOCKED
1320,Door Scratched
1325,DOOR ASSEMBLY ALIGN UP
1326,DOOR ASMBLY MISSING UPPR
1327,DOOR ASMBLY MISSING LOWR
1328,DOOR ASMBLY DAMAGED UPPR
1329,DOOR ASMBLY DAMAGED LOWR
1330,DOOR DEFECTIVE UPPER
1331,DOOR DEFECTIVE LOWER
1350,DOOR ALIGNMENT JAMSWITCH
1375,Door Hanger Damaged
1400,Griddle Defective
1412,GLASS DOOR WRONG
1450,Serial Numbrs not loaded
1451,EOL Model/Serial
1508,DOOR LOCK HDL RUBS
1600,DOOR LINER DAMAGED
1601,DOOR LINER BROWN
1605,DOOR LINER DEFECTIVE
1608,DOOR LINER WRONG
1616,DOOR LINER ASM WRONG
1620,DOOR LINER DEFECT UPPER
1621,DOOR LINER DEFECT LOWER
1622,DOOR LINER DAMAGED UPPER
1623,DOOR LINER DAMAGED LOWER
1650,DOOR LINER CHIPPED UPPER
1651,DOOR LINER CHIPPED LOWER
1900,DOOR SEAL WRONG
1908,DOOR SEAL DAMAGED
1926,SEAL DOOR ASMD WRONG
1930,DOOR SIGNAL HARNESS DEF
1931,DOOR CARDBOARD MISSING
1932,DOOR MEDALLION MISSING
1933,HIDBKE DARTS NOT PLUG
2205,DRAWER ASSY DEFECTIVE
2211,DRAWER ASSY WRONG
2215,DRAWER ASSY DAMAGED
2216,DRAWER ASSY ASMWG
2217,DRAWER ASSY LOOSE
2218,DRAWER ASSY MISSING
2225,DRAWER HANDLE DAMAGED
2226,DRAWER HANDLE LOOSE
2233,DRWR SLIDE MISSING
2234,DRWR SLIDE HARD 2 INSTAL
2235,DRWR SLIDE ALIGNMENT
2236,DRWR LATCH ALIGNMENT
2237,DRWR LATCH NOISE
2238,DRWR LATCH BROKEN
2239,DRWR SLIDE ASSEMBLED WRG
2240,DRWR SEL SWITCH MISWIRE
2241,DRWR SEL SWITCH UNPLUG
2242,DRWR SEL SWITCH DAMAGED
2243,DRWR SEL SWITCH ASMD WRG
2244,DRWR GASKET POOR SEAL
2245,DRWR GASKET HARD 2 INSTL
2246,DRWR UP ELEM LOW WATTS
2247,DRWR UP ELEM HIGH WATTS
2248,DRWR LOW ELEM LOW WATTS
2249,DRWR LOW ELEM HIGH WATTS
2250,DRWR RACK NOT FLAT
2251,DRWR PAN NOT FLAT
2252,DRWR PAN CHIPPED
2253,DRWR PAN BENT/DENT
2254,DRWR SUP FRAME ALIGNMENT
2255,DRWR SUP FRAME BEND MACH
2256,DRWR INNER LINER CHIPPED
2257,DRWR INNER LINER BENT/DE
2258,DRWR BUMPER MISSING
2313,DRAWER GUIDE BLOCK ALIGN
2314,DRAWER GLIDE LOOSE
2315,ERC RIBBON CABLE UNPLUGD
2320,DRAWER GREASE MISSING
2350,DRAWER TSTAT MISWIRED
2351,DRAWER TSTAT UNPLUGGED
2352,DRAWER TSTAT DEFECTIVE
2353,DRAWER TSTAT DAMAGED
2354,BAK\WARM DRWR WIRE UNPLG
2355,BAK\WARM DRWR WIRE DMGD
2356,BAK\WARM DRWR WIRE ASMWR
2357,BAK\WARM DRWR WIRE WRONG
2358,BAK\WARM DRWR ELEM DEF
2359,BAK\WARM DRWR CLIPS MISS
2360,BAK\WARM DRWR ELEM NOHYP
2361,BAK\WARM DRWR COVER MISS
2362,BAK\WARM DRWR PAN DMGD
2363,BAK\WARM DRWR PAN DEF
2364,BAK\WARM DRWR ELEM WRGPT
2402,END CAP DAMAGED
2403,END CAP LOOSE
2404,END CAP ASSEMBLED WRONG
2413,END PLATE DAMAGED
2414,END PLATE DEFECTIVE
2415,END PLATE DIRTY
2416,END PLATE ASMD WRONG
2417,END PLATE LOOSE
2450,ENCLOSURE WRONG PART
2609,Daughter Board Crosswire
2610,ERC IN CELSIUS MODE
2611,ERC DISPLAY DEFECTIVE
2612,ERC DAMAGED 1
2613,DAUGHTER BOARD DEFECTIVE
2614,ERC ASMD WRONG 1
2615,ERC LOOSE 1
2616,ERC ASMD WRONG 2
2617,ERC UNPLUGGED 1
2618,ERC WRONG PART 1
2619,ERC DEFECTIVE 1
2620,ERC DAMAGED 2
2621,ERC UNPLUGGED 2
2622,ERC DEFECTIVE 2
2623,ERC LOOSE 2
2624,DAUGHTER BOARD UNPLUGGED
2625,DAUGHTER BOARD ASM WRONG
2626,ERC LOST POWER
2627,ERC WRONG PART 2
2630,ERC DEFECT LAB CHECKED
2650,ERC DISPLAY DAMAGED
2651,ERC TOP DAMAGED
2652,ERC BACK DAMAGED
2653,ERC DISPLAY OFF
2670,164D6476G034 ERC DEFECT
2671,164D6476G035 ERC DEFECT
2672,164D6476G042 ERC DEFECT
2673,191D5679G001 ERC DEFECT
2674,191D5810G009 ERC DEFECT
2675,ERC DISPLAY BRD UNPLUG
2676,ERC DISPLAY BRD ASM WRG
2677,ERC DISPLAY BRD DAMAGED
2678,ERC DISPLAY BRD DEFECT
2679,ERC DISPLAY BRD LOOSE
2680,191D3159P134 ERC DEFECT
2681,164D6476G009 ERC DEFECT
2682,164D6476G010 ERC DEFECT
2683,164D6476G011 ERC DEFECT
2684,164D6476G013 ERC DEFECT
2685,164D6476G014 ERC DEFECT
2686,191D3776P007 ERC DEFECT
2687,191D3776P008 ERC DEFECT
2688,191D3776P009 ERC DEFECT
2689,191D3776P011 ERC DEFECT
2690,164D8450G004 ERC DEFECT
2691,164D8450G013 ERC DEFECT
2692,164D8450G014 ERC DEFECT
2693,164D8450G015 ERC DEFECT
2694,164D8450G016 ERC DEFECT
2695,164D8450G017 ERC DEFECT
2696,164D8450G018 ERC DEFECT
2697,164D8450G019 ERC DEFECT
2698,164D8450G020 ERC DEFECT
2699,164D8450G021 ERC DEFECT
2700,164D8450G022 ERC DEFECT
2701,164D8450G023 ERC DEFECT
2705,FRONT FRAME DEFECTIVE
2707,FRONT FRAME SCREW LOOSE
2709,FRONT FRAME WRONG
2722,FRONT FRAME DAMAGED
2723,FRONT FRAME ASMD WRONG
2724,FRONT FRAME LOOSE
2750,FRONT FRAME BUMPER MISS
2751,FRONT FRAME DEFECT UPPER
2752,FRONT FRAME DEFECT LOWER
2753,FRONT FRAME DAMAGE UPPER
2754,FRONT FRAME DAMAGE LOWER
2775,FRONT FRAME CHIPPED UPR
2776,FRONT FRAME CHIPPED LOW
2903,GRATE CHIPPED
2904,GRATE DEFECTIVE
2907,GRATE ASM WRONG
2924,GRATE MISSING
2925,GRATE WRONG PART
2933,BOWL DEFECTIVE
2935,BOWL WRONG PART
2936,BOWL ASM WRONG
2937,BOWL CHIPPED
2938,BOWL DAMAGED
2939,BOWL LOOSE
2940,BOWL MISSING
2950,PAN AND GRID DEFECTIVE
3298,CP GROUND WIRE LOOSE
3301,GROUND WIRE BROKE
3302,GROUND WIRE LOOSE (CP/MB
3303,GROUND WIRE OFF (MT/MB)
3306,GROUND WIRE WRONG
3307,GROUND STRAP ASMD WRONG
3308,Ground Strap Def
3309,Ground Strap Gun Station
3310,GROUND WIRE DEFECTIVE
3312,GROUND WIRE MISSING
3314,HIPOT GROUND STRAP TOUCH
3315,GROUND WIRE ASMD WRONG
3317,GROUND WIRE DAMAGED
3318,GROUND BOND
3319,HINGES NO GROUND
3320,HIPOT WIRE HARNESS DEF
3321,HIPOT JAMB SWITCH
3322,HIPOT OVEN LIGHT
3323,HIPOT MAINBACK FOIL
3324,HIPOT BAKE ELEM UPPER
3325,HIPOT BAKE ELEM LOWER
3326,HIPOT BROIL ELEM UPPER
3327,HIPOT BROIL ELEM LOWER
3328,HIPOT SCREW UNDER UNIT
3329,HIPOT HIGH LIMIT SWITCH
3330,HIPOT MEAT PROBE
3331,Probe Plugged Wrg Hipot
3332,Hipot Machine Cntl Brd
3335,HIPOT HID BAKE WIRE DMGD
3336,Failed Hipot
3337,Hipot Broke Wire
3338,Hipot Screw in Wire
3405,HINGE DOOR DEFECTIVE
3406,HINGE DOOR LOOSE
3412,HINGE DOOR DAMAGED
3413,HINGE DOOR ASSEMBLED-WRG
3414,HINGE DOOR MISSING
3415,HINGE DOOR WRONG
3447,JAM SWITCH DAMAGED
3448,JAM SWITCH WIRE OFF
3449,JAM SWITCH WIRES CROSSED
3452,JAM SWITCH ASSMBLD WRONG
3453,JAM SWITCH LOOSE
3454,JAM SWITCH MISSING
3455,JAM SWITCH UNPLUGGED
3456,Jam Switch Misplugged
3470,JAM SWITCH UNPLUG UPPER
3471,JAM SWITCH UNPLUG LOWER
3472,JAM SWITCH MISSING UPPER
3473,JAM SWITCH MISSING LOWER
3474,JAM SWITCH LOOSE UPPER
3475,JAM SWITCH LOOSE LOWER
3476,JAM SWITCH NOT ACTIVATED
3513,HINGE OTHER DAMAGED
3514,HINGE OTHER DEFECTIVE
3515,HINGE OTHER ASMBLD WRNG
3516,HINGE OTHER LOOSE
3517,HINGE OTHER MISSING
3518,HINGE ADJ UP .030 BLUE
3519,HINGE ADJ DOWN .030 GR
3520,HINGE ADJ UP .060 YEL
3521,HINGE ADJ DOWN .060 BLK
3522,HINGE ADJUST FILED
3535,HINGE MAINTOP MISSING
3550,HINGE DAMAGED
3551,HINGE DEFECTIVE
3552,HINGE LOOSE
3553,HINGE MISSING
3554,HINGE WRONG
3555,HINGE LOOSE UPPER
3556,HINGE LOOSE LOWER
3557,HINGE DEFECTIVE UPPER
3558,HINGE DEFECTIVE LOWER
3560,HINGE DEF UPPER RIGHT
3561,HINGE DEF UPPER LEFT
3562,HINGE DEF LOWER RIGHT
3563,HINGE DEF LOWER LEFT
3575,HINGE SCREW LOOSE
3576,HINGE SCREW MISSING
3577,HINGE SCREW MISSING UPR
3578,HINGE SCREW MISSING LOW
3585,Hinge Brace Damaged
3586,Hinge Brace Defective
3590,Door Chains Defective
3602,INSULATION LOOSE
3603,INSULATION MISSING
3608,INSULATION WRONG
3609,INSULATION DAMAGED
3611,INSUL OTHER ASM WRONG
3612,INSUL ASMD WRONG LOCK
3613,INSUL ASMD WRONG-DOOR
3614,INSULATION ASM WRONG
3615,INSULATION DEFECTIVE
3620,INSUL UNDER MAINBACK
3625,HOT SPOT INSULATION
3650,INSULATION SHIELD ASMWRG
3651,INSULATION SHIELD LOOSE
3652,INSULATION SHIELD MISS
3653,INSULATION SHIELD WRONG
3654,INSULATION SHIELD DMGD
3655,INSULATION SHIELD DEFECT
3660,SHLD COMP SPACER MISSING
3711,JUNCTION BLOCK CROSSWIRE
3760,JAM SWITCH NO CONTACT
3802,LITERATURE DEFECTIVE
3803,LITERATURE MISSING
3804,LITERATURE WRONG
3807,LITERATURE DAMAGED
3808,LITERATURE ASMD WRONG
3825,MINI MANUAL MISSING
3826,MINI MANUAL ALIGNMENT
3827,MINI MANUAL WRONG PART
3905,MAINBACK SCREW MISSING
3907,MAINBACK WRONG
3915,MAINBACK DAMAGED
3916,MAINBACK ASSEMBLED WRONG
3917,MAINBACK MISS
3918,Mainback Defective
4001,MAINTOP ALIGNMENT
4005,Maintop Damaged Hanger
4009,MAINTOP LOOSE
4011,MAINTOP SCREW LOOSE
4015,MAINTOP WRONG
4023,MAINTOP/COIL DEF
4033,MAINTOP MISSING
4034,MAINTOP ASSEMBLED WRONG
4035,MAINTOP/COIL DAMAGED
4036,MAINTOP HARNESS UNPLUGGD
4037,MAINTOP/COIL CHIPPED
4038,MT HARN ASSM WRNG
4040,MAINTOP/RADIANT DMGD
4042,MAINTOP/RADIANT DEF
4043,MAINTOP/RADIANT ASM WRNG
4044,MAINTOP RADIANT UNPLUG
4045,MAINTOP RADIANT LOOSE
4046,MAINTOP RADIANT MISSING
4047,MAINTOP/RADIANT CHIPPED
4051,MAINTOP BLOCK DAMAGED
4052,MAINTOP BLOCK LOOSE
4053,MAINTOP CLIP DAMAGED
4054,MAINTOP ELEM CLIP LOOSE
4055,MAINTOP HARNESS OFF
4056,MAINTOP SCREW MISSING
4057,MAINTOP SEAL DAMAGED
4058,MAINTOP SUPPORT DAMAGED
4059,MAINTOP HARNESS DAMAGED
4060,MAINTOP BLOCK DEFECTIVE
4061,MAINTOP CLIP DEFECTIVE
4062,MTOP SIDE EXT SCREW LOOS
4063,MAINTOP CLIP MISSING
4064,Maintop Frame Alignment
4065,INF SW SHAFT CLIP MISS
4066,MAINTOP BLOCK CROSSWIRED
4067,MAINTOP TABS BENT
4068,WIRE OUT OF MT BLOCK
4070,ELEMENT CLIP SC MISSING
4071,ELEMENT BLOCK MISSING
4073,Element Bracket Wrong
4075,PORC MAINTOP ASM WRONG
4076,PORC MAINTOP DAMAGED
4077,PORC MT DEFECTIVE
4078,PORC MT LOOSE
4079,PORC MT MISSING
4080,PORC MT WRONG
4095,PORC MT SCREENING DEFECT
4096,SS MT SCREENING DEFECT
4097,"Blew Up, Wire Off Maintop"
4125,MICROSWITCH DAMAGED
4130,MICROSWITCH BENT
4310,MODEL PL TICKET DAMAGED
4311,MODEL PL TICKET DEFECT
4312,MODEL PL TICKET ASM WRG
4314,MODEL PL TICKET MISSING
4315,MODEL PL TICKET WRG PART
4316,Model Plate Alignment
4320,Fail Mod/Ticket/Color
4407,OVEN BURNER PIPE WRG PT
4502,CAVITY BROWN LINES
4503,CAVITY DEFECTIVE UPPER
4504,CAVITY DEFECTIVE LOWER
4505,CAVITY DAMAGED UPPER
4506,CAVITY DAMAGED LOWER
4507,CAVITY WRONG PART
4518,CAVITY DAMAGED
4519,CAVITY ASSEMBLED WRONG
4520,CAVITY LOOSE
4555,CAVITY CHIPPED UPPER
4556,CAVITY CHIPPED LOWER
4560,CAVITY PANEL WRONG PART
4561,Cav Side Panel Damaged
4562,Cav Side Panel Defective
4575,Cavity Trim Loose
4576,Cavity Trim Damaged
4577,Cavity Trim Defective
5003,KNOB(S) DEFECTIVE
5004,KNOB(S) LOOSE
5005,KNOB(S) MISSING
5008,KNOB(S) WRONG
5011,KNOB(S) DAMAGED
5014,KNOB(S) ALIGNMENT
5015,KNOB(S) ASSEMBLED WRONG
5025,Knob LED Board Defective
5050,CLEAN NOT SET
5103,INDICATOR LIGHT DEFECT
5104,INDICATOR LIGHT LOOSE
5105,INDICATOR LIGHT MISSING
5107,INDICATOR LIGHT UNPLGD
5108,INDICATOR LIGHT WRONG
5122,INDICATOR LIGHT DAMAGED
5123,INDICATOR LIGHT ASMD WRG
5124,INDICATOR LIGHT ALIGNMNT
5150,SURFACE HOT LIGHT DMGD
5151,SURFACE HOT LIGHT DEFECT
5152,SURFACE HOT LIGHT ASMWRG
5153,SURFACE HOT LIGHT LOOSE
5154,SURFACE HOT LIGHT MISS
5155,SURFACE HOT LIGHT WRONG
5156,SURFACE HOT LIGHT UNPLUG
5200,OVEN LAMP GASKET MISSING
5202,OVEN LAMP DEFECTIVE
5203,OVEN LAMP LOOSE
5204,OVEN LAMP MISSING
5205,OVEN LAMP WRONG
5228,JAM SWITCH DEFECTIVE
5230,OVEN LAMP DAMAGED
5231,OVEN LAMP ASSEMBLED WRG
5232,OVEN LAMP UNPLUGGED
5240,JAM SWITCH HARNESS DEF
5250,Oven Light Glass Asm Wrg
5251,Oven Light Glass Missing
5703,RACK ASSEMBLED WRONG
5705,RACK DEFECTIVE
5707,RACK MISSING
5708,RACK WRONG
5805,OVEN LIGHT WIRE OFF
5911,SENSOR CLIP MISSING
6002,SPARK MODULE DEFECTIVE
6004,SPARK MODULE LOOSE
6007,SPARK MODULE WRONG
6008,SPARK MODULE UNPLUGGED
6010,SPARK MODULE ASMD WRONG
6321,ELEMENT RF DAMAGED
6322,ELEMENT LF DAMAGED
6323,ELEMENT LR DAMAGED
6324,ELEMENT RR DAMAGED
6326,ELEMENT MR DAMAGED
6327,ELEMENT RF DEFECTIVE
6328,ELEMENT LF DEFECTIVE
6329,ELEMENT LR DEFECTIVE
6330,ELEMENT RR DEFECTIVE
6331,ELEMENT MR DEFECTIVE
6332,ELEMENT RF ASMD WRONG
6333,ELEMENT LF ASMD WRONG
6334,ELEMENT LR ASMD WRONG
6335,ELEMENT RR ASMD WRONG
6336,ELEMENT MR ASMD WRONG
6337,ELEMENT RF LOOSE
6338,ELEMENT LF LOOSE
6339,ELEMENT LR LOOSE
6340,ELEMENT RR LOOSE
6341,ELEMENT MR LOOSE
6342,ELEMENT RF MISSING
6343,ELEMENT LF MISSING
6344,ELEMENT LR MISSING
6345,ELEMENT RR MISSING
6346,ELEMENT MR MISSING
6351,ELEM RADIANT DEFECT
6352,ELEM SURF RAD WRG PART
6353,ELEM SURF COIL WRG PART
6355,ELEMENT RF WRONG
6356,ELEMENT LF WRONG
6357,ELEMENT LR WRONG
6358,ELEMENT RR WRONG
6359,ELEMENT MR WRONG
6360,ELEMENT RF UNPLUGGED
6361,ELEMENT LF UNPLUGGED
6362,ELEMENT LR UNPLUGGED
6363,ELEMENT RR UNPLUGGED
6364,ELEMENT MR UNPLUGGED
6365,ELEMENT RF ALIGNMENT
6366,ELEMENT LF ALIGNMENT
6367,ELEMENT LR ALIGNMENT
6368,ELEMENT RR ALIGNMENT
6369,ELEMENT MR ALIGNMENT
6375,MAINTOP ELEMENT MISSING
6380,Surf Elem Cycle Too Slow
6400,ELEMENT WARMER DEF
6401,WARM ZONE UNPLUGGED
6402,WARM ZONE DEFECTIVE
6403,WARM ZONE ASSM WRONG
6502,FLO LIGHT DEFECTIVE
6503,FLO LIGHT LOOSE
6504,FLO LIGHT MISSING
6506,FLO LIGHT WIRE OFF
6510,FLO LT STARTER ASM DMGD
6511,FLO LT STARTER ASM DEF
6575,ELEM ELECTRON RF UNPLUG
6576,ELEM ELECTRON LF UNPLUG
6577,ELEM ELECTRON LR UNPLUG
6578,ELEM ELECTRON RR UNPLUG
6579,ELEM ELECTRON MR UNPLUG
6712,GROMMET MISSING
6720,MIS-PLUG TERM IN BOOT
6725,WIRE IN LOCK
6726,WIRE COVER DAMAGED
6727,WIRE COVER DEFECT
6728,WIRE COVER ASM WRONG
6729,WIRE COVER LOOSE
6730,WIRE COVER MISSING
6731,WIRE COVER WRONG
6732,WIRE UNPLUGGED BKGD
6733,WIRE PLUGGED WRG-BKGD
6734,WIRE OTHER DAMAGED
6735,WIRE OTHER DEFECTIVE
6736,WIRE OTHER ASMD WRONG
6737,WIRE OTHER LOOSE
6738,WIRE OTHER MISSING
6739,WIRE OTHER WRONG
6740,WIRE OTHER UNPLUGGED
6741,WIRE COVER SCREW MISSING
6775,BK Unplugged in Process
6776,BR Unplugged in Process
6802,POWER CORD DEFECTIVE
6803,POWER CORD LOOSE
6804,POWER CORD MISSING
6807,POWER CORD WRONG
6808,POWER CORD ASMD WRONG
6809,POWER CORD DAMAGED
6810,POWER CORD UNPLUGGED
6820,POWER CORD PRONGS BENT
6830,Power Harness Wrong Part
6835,Power Supply Board Def
6904,INSULATION RET DEFECTIVE
6905,INSULATION RET LOOSE
6906,INSULATION RET MISSING
6910,INSULATION RET WRONG
6912,INSULATION RET ASMBD WRG
6913,INSULATION RET DAMAGED
6925,INS RETAINR WIRE LOOSE
6926,INS RETAINR WIRE MISSING
7103,FELT SHOWING
7200,HANDLE SLEEVE ASM WRONG
7201,HANDLE PLASTIC SLEV MISS
7202,PLASTIC FILM UNDER HANDL
7210,DOOR SPACER DAMAGED
7211,DOOR SPACER MISSING
7220,HANDLE METAL DMGD
7221,HANDLES DEFECTIVE
7222,HANDLES ASM WRONG
7223,HANDLES LOOSE CTQ
7224,HANDLES MISSING
7225,HANDLES WRONG PART
7240,HANDLE PLASTIC DMGD
7241,HANDLE SS SLEEVE MISSING
7250,HANDLE LOOSE UPPER
7251,HANDLE LOOSE LOWER
7252,HANDLE DEFECTIVE UPPER
7253,HANDLE DEFECTIVE LOWER
7312,INFINITE SWITCH WRONG
7317,INFINITE SW. WIRE CRS
7325,MANIFOLD SWITCH DAMAGED
7326,MANIFOLD SWITCH DEFECT
7328,MANIFOLD SWITCH LOOSE
7329,MANIFOLD SWITCH MISSING
7330,MANIFOLD SWITCH UNPLUG
7331,MANIFOLD SWITCH WRG PART
7335,INF SWITCH ASM WRG
7336,INFINITE SWITCH DAMAGED
7337,INFINITE SWITCH DEFECT
7338,INFINITE SWITCH MISSING
7339,INF SWITCHES CROSSED
7340,INFINITE RED BLK CROSSED
7341,HIPOT INFINITE SWITCH
7350,INF SW CLIP BACKWARD
7351,INF SW NO LOW WATTS
7352,INF SW NO DROP ON LOW
7360,INFINITE SWITCH STICKS
7375,INF SWITCH BLEW UP XWIRE
7380,ERC SHORTED XWIRED
7385,Rad Elem Blew Up Xwire
7404,BURNER CAP DEFECTIVE
7405,BURNER CAP LOOSE
7406,BURNER CAP MISSING
7409,BURNER CAP WRONG PART
7411,BURNER CAP DAMAGED
7412,BURNER CAP ASM WRONG
7450,BURNER HEAD DAMAGED
7451,BURNER HEAD DEFECTIVE
7452,BURNER HEAD MISSING
7453,BURNER HEAD WRONG PART
7475,BURNER BASE DAMAGED
7476,BURNER BASE DEFECTIVE
7477,BURNER BASE MISSING
7478,BURNER BASE ASM WRONG
7701,DOOR LABEL MISSING
7702,MAINTOP LABEL MISSING
7703,WIRE COVER LABEL MISSING
7704,INSTALLATION LABEL  MISS
7705,INSTALLATION LABEL  WRNG
7709,BADGE MISSING
7710,BADGE ALIGNMENT
7800,BAKE IGNITOR DAMAGED
7801,BAKE IGNITOR DEFECTIVE
7802,BAKE IGNITOR ASM WRONG
7803,BAKE IGNITOR LOOSE
7804,BAKE IGNITOR MISSING
7805,BAKE IGNITOR UNPLUGGED
7806,BAKE IGNITOR WRONG
7807,BROIL IGNITOR DAMAGED
7808,BROIL IGNITOR DEFECTIVE
7809,BROIL IGNITOR ASM WRONG
7810,BROIL IGNITOR LOOSE
7811,BROIL IGNITOR MISSING
7812,BROIL IGNITOR UNPLUGGED
7813,BROIL IGNITOR WRONG
7814,IGNITOR DAMAGED
7815,IGNITOR DEFECTIVE
7816,IGNITOR ASMBD WRONG
7817,IGNITOR LOOSE
7818,IGNITOR MISSING
7819,IGNITOR UNPLUGGED
7820,IGNITOR WRONG
7825,BAKE IGNITOR DISTORTION
7830,BROIL IGNITOR DISTORTION
7850,ELECTRODE DAMAGED
7851,ELECTRODE DEFECTIVE
7852,ELECTRODE ASMD WRONG
7853,ELECTRODE UNPLUGGED
7916,THERMOSTAT SWITCH DEF
7917,THERMOSTAT SWITCH ASM WG
7918,THERMOSTAT SWITCH WRONG
7927,THERMOSTAT SWITCH MISSIN
7928,THERMOSTAT SWITCH UNPLUG
7929,HIPOT THERMOSTAT SWITCH
8201,MAINTOP STRIKE DEFECTIVE
8202,MAINTOP STRIKE LOOSE
8203,MAINTOP STRIKE MISSING
9009,ERC OVERLAY LOOSE
9010,ERC OVERLAY DAMAGED
9011,ERC OVERLAY DEFECTIVE
9012,OVERLAY ASM WRONG
9013,OVERLAY MISSING
9014,OVERLAY UNPLUGGED
9015,ERC OVERLAY WRONG PART
9016,ERC OVERLAY MISSING
9017,DR/DRW OVRLAY WRG PART
9018,ERC OVERLAY UNPLUGGED
9019,TRASH BHD OVERLAY DEFECT
9020,ERC NOT FLASHED
9500,TRASH IN DOOR
9501,CONTROL PANEL ASM DIRTY
9502,MAINTOP DIRTY
9503,SIDE PANEL DIRTY
9504,DRAWER DIRTY
9505,DOOR DIRTY
9506,DOOR HANDLE DIRTY
9507,CNTL PNL GLASS DIRTY
9508,OUTER DOOR GLASS DIRTY
9509,DOOR LINER DIRTY
9510,DOOR SIDE TRIM DIRTY
9511,DOOR VENT TRIM DIRTY
9512,GLASS PACK DIRTY
9513,COIL ELEM WIRE OFF
9514,COIL ELEM ASMD WRG
9515,COIL ELEM DEFECTIVE
9516,COIL ELEM WIRES CROSSED
9517,GROMMET DAMAGED
9518,GROMMET DEFECTIVE
9519,HEAT SHIELD ASMD WRG
9520,HEAT SHIELD DAMAGED
9521,HEAT SHIELD DEFECTIVE
9522,HIDDEN BK ASSEMBLED WRG
9523,HIDDEN BK ELEM DEFECTIVE
9524,HIDDEN BK ELEM UNPLUGGED
9525,LOCK TRIM DAMAGED
9526,RAD ELEM DEFECTIVE
9527,RAD ELEM WIRE UNPLUGGED
9528,RAD ELEM WIRES CROSSED
9529,RAD ELEM ASSEMBLED WRG
9530,MAINTOP  BUMPER LOOSE
9531,MAINTOP  BUMPER MISSING
9532,WAREHOUSE DAMAGED
9534,YELLOW/PURPLE WIRES CRS
9535,GLIDE LOOSE
9536,GLIDE MISSING
9537,HIPOT WIRE UNPLUG BKGD
9538,HIPOT MAINBACK WIRE
9539,HIPOT BAKE ELEMENT
9540,HIPOT BROIL ELEMENT
9541,HIPOT COIL SURF ELEM
9542,RAD ELEM DAMAGED
9543,RAD ELEM LOOSE
9544,RAD ELEM MISSING
9545,RAD ELEM WRONG PART
9546,TRASH IN ERC
9547,LOCK TRIM DEFECTIVE
9548,HIPOT CONVECT ELEMENT
9549,HIPOT CONVECT FAN
9550,HIPOT WIRE PINCHED
9551,HIPOT WIRE CUT
9552,HIPOT COOLING FAN
9553,HIPOT RADIANT ELEMENT
9554,HIPOT FAD/FOD SWITCH
9555,ELEMENT CROSSWIRED
9556,CAPACITOR CROSSWIRED
9557,TRANSFORMER UNPLUGGED
9558,INTERLOCK UNPLUGGED
9559,FUSE DEFECTIVE
9560,TRANSFORMER DEFECTIVE
9561,CAPACITOR DEFECTIVE
9562,MICA INSULATION MISSING
9563,Capacitor Wrg Sd Conduit
9564,HIPOT TSTAT TOUCH ELEM
9565,HOT HYPOT FAILED
9566,HIPOT DROP BOX
9567,HIPOT RAD ELEM UNPLUGGED
9568,RR ELEMENT CROSSWIRED
9569,RF ELEMENT CROSSWIRED
9570,LR ELEMENT CROSSWIRED
9571,LF ELEMENT CROSSWIRED
9572,MR ELEMENT CROSSWIRED
9575,LOCK TRIM MISSING
9576,COIL ELEM WRONG PART
9577,TRASH IN DOOR VENT
9578,PIN CONNECTOR DEFECTIVE
9579,DOOR VENT TAPE SHOWING
9580,VENT TRIM ALIGNMENT
9581,DOOR TAPE MISSING
9582,CAPILLARY CLIP MISSING
9583,PLASTIC UNDER DR HANDLE
9584,CONTROL PNL TIGHT
9585,PLASTIC UNDER OVERLAY
9586,LINER CHIPPED AT BRACKET
9587,PLASTIC ON OVERLAY
9588,Plastic Under Maintop
9590,RAD ELEM ALIGNMENT
9591,TRASH IN RADIANT ELEMENT
9592,PIN CONNECTOR MIS-PLUG
9600,HIDDEN BK ELEM DAMAGED
9601,HIDDEN BK PLUG UNPLUGGED
9605,HID BK UPPER UNPLUGGED
9606,HID BK LOWER UNPLUGGED
9650,RTV SUPPLIER QUALITY DEF
9651,RTV OPERATOR ERROR
9652,RTV EQUIPMENT ISSUES
9667,RETEST
9700,DOOR HANDLE ALIGN UPPER
9701,DOOR HANDLE ALIGN LOWER
9702,DOOR GLASS GAP UPPER
9703,DOOR GLASS GAP LOWER
9704,RAIN COAT ASSEMBLED WRG
9705,PLASTIC UNDER DR HDL UP
9706,PLASTIC UNDER DR HDL LOW
9707,DR GASKET ASMD WRG UPPER
9708,DR GASKET ASMD WRG LOWER
9709,SENSOR ASMD WRONG UPPER
9710,SENSOR ASMD WRONG LOWER
9711,DOOR GASKET DAMAGED UPR
9712,DOOR GASKET DAMAGED LOW
9713,SENSOR WIRE BROKEN
9714,Sensor Wire Damaged
9715,SENSOR DEFECTIVE
9716,DOOR GASKET DEFECTIVE
9717,DOOR GASKET MISSING
9718,Door Gasket Loose
9750,PLUNGER UNPLUGGED STMCLN
9775,BAKE ELEM WIRE TIE MISS
9776,RE TEST
9777,INTERNATIONAL MODEL
9778,FINAL INSPECT
A002,MISCELLANEOUS DAMAGED
A003,MISCELLANEOUS DEFECTIVE
A004,MISCELLANEOUS DIRTY
A005,MISCELLANEOUS ASMD WRONG
A006,MISCELLANEOUS LOOSE
A007,MISCELLANEOUS MISSING
A008,MISCELLANEOUS WRONG
A009,MISCELLANEOUS UNPLUGGED
A010,MISC PAINTED MAINTOP
A011,PAINT RACK DEFECTIVE
A015,MISC PARTS IN CAVITY
A016,MISC LINE EQUIPMENT
A017,No Parts From Paint
A018,GLUE MACHINE DOWN
A025,LOCK ASSEMBLY DAMAGED
A026,LOCK ASSEMBLY ASM WRONG
A027,LOCK ASSEMBLY LOOSE
A028,LOCK ASSEMBLY MISSING
A029,LOCK ASSEMBLY UNPLUGGED
A030,LOCK ASSEMBLY WRONG PART
A040,LOCK ASMBLY UNPLUG UPPER
A041,LOCK ASMBLY UNPLUG LOWER
A042,LOCK ASMBLY MISSNG UPPER
A043,LOCK ASMBLY MISSNG LOWER
A044,LOCK SCREW MISSING
A045,LOCK NOT SET
a046,LOCK TRIM ASSM WRONG
a046 ,LOCK TRIM ASSM WRONG
A050,Lock Light Defective
A102,WIRE UNPLUGGED
A105,WIRE DEFECTIVE
A106,WIRE MISPLUGGED
A109,Bent Pins on Board
A110,PIN OUT OF BLOCK WIREDEF
A111,SIGNAL WIRE DAMAGED
A117,WIRE MISSING
A118,Jumper Wire Missing
A119,WIR/COND/PC/CR DAMAGE
A120,WIR/COND/PC/CR DEFECT
A121,WIR/COND/PC/CR ASM WG
A122,WIR/COND/PC/CR LOOSE
A123,WIR/COND/PC/CR MISSIN
A124,WIR/COND/PC/CR UNPLUG
A125,WIR/COND/PC/BL/CR WRONG
A130,WIRE ASSEMBLED WRONG
A131,WIRE DAMAGED
A132,WIRE LOOSE
A133,WIRE WRONG
A140,ERC YELLOW WIRE UNPLUG
A141,ERC PURPLE WIRE UNPLUG
A142,ERC YELLOW-STRIPE WR UNP
A143,ERC CROSSWIRED
A144,ERC ORANGE WIRE UNPLUG
A151,WIRE HARNESS DEFECTIVE
A152,WIRE HARNESS ASMD WRONG
A153,WIRE HARNESS LOOSE
A154,WIRE HARNESS MISSING
A155,WIRE HARNESS WRONG
A156,WIRE HARNESS UNPLUGGED
A160,WIRE HARN SHORT UNPLUG
A175,WARMER ELEMENT CROSSED
A176,WARMER ELEMENT UNPLUGGED
A177,WIRE HARN WRG PART UPPER
A178,WIRE HARN WRG PART LOWER
A179,WIRE HARN UNPLUGGED UPR
A180,WIRE HARN UNPLUGGED LOWR
A181,WIRE HARN DEFECT UPPER
A182,WIRE HARN DEFECT LOWER
A183,WIRE HARN DAMAGED UPPER
A184,WIRE HARN DAMAGED LOWER
A185,MAIN WIRE HARNESS DMGD
A186,MAIN WIRE HARNESS DEF
A187,MAINTOP HARNESS DEF
A188,MAIN HARNESS ASSM WRNG
A200,JAM SWITCH WIRE DAMAGED
A201,RIBBON CONNECT ASM DMGD
A210,CNTL/SFTY VALVE DAMAGED
A211,CNTL/SFTY VALVE DEFECT
A212,CNTL/SFTY VALVE LEAK
A214,CNTL/SFTY VALVE LOOSE
A216,CNTL/SFTY VALVE UNPLUGED
A304,ERC RIBBON CABLE ASMWRG1
A305,ERC RIBBON CABLE DEFECT
A306,ERC RIBBON CABLE DAMAGED
A307,ERC RIBBON CABLE ASMWRG2
A312,G/T HARNESS UNPLUGGED
A313,Wires Crossed
A314,Wires Pinched
A400,ORIFICE BOX MISSING
A401,BAFFLE COVER MISSING
A405,ORF/TUB/PIPES DAMAGED
A406,ORF/TUB/PIPES DEFECTIVE
A407,ORF/TUB/PIPES LEAK
A408,ORF/TUB/PIPES ASMB WRONG
A409,ORF/TUB/PIPES LOOSE
A410,ORF/TUB/PIPES MISSING
A411,ORF/TUB/PIPES WRONG
A412,PIPE ASSEMBLED WRONG
A413,PIPE DAMAGED
A414,PIPE DEFECTIVE
A415,PIPE LOOSE
A416,PIPE MISSING
A417,PIPE WRONG
A418,PIPE LEAKS
A419,PIPE CROSSTHREADED
A420,NOT PIPED UP
A550,ORIFICE ASSEMBLED WRONG
A551,ORIFICE DAMAGED
A552,ORIFICE DEFECTIVE
A553,ORIFICE LOOSE
A554,ORIFICE MISSING
A555,ORIFICE WRONG
A556,ORIFICE LEAKS
A557,ORIFICE DIRTY
A600,Air Diverter Missing
A701,LOCK MOTOR DEFECTIVE
A703,LOCK MOTOR OUT OF CYCLE
A801,SWITCH OTHER DEFECTIVE
A813 ,SWITCHES OTHER MISSING
A814 ,SWITCHES OTHER WRONG
A830 ,SWITCH RF ASMD WRONG
A831 ,SWITCH LF ASMD WRONG
A832 ,SWITCH LR ASMD WRONG
A833 ,SWITCH MR ASMD WRONG
A834 ,SWITCH RR ASMD WRONG
A835 ,SWITCH ASSEMBLED WRONG
A836 ,SWITCH RF DAMAGED
A837 ,SWITCH LF DAMAGED
A838 ,SWITCH LR DAMAGED
A839 ,SWITCH MR DAMAGED
A840 ,SWITCH RR DAMAGED
A841 ,SWITCH DAMAGED
A842 ,SWITCH RF DEFECTIVE
A843 ,SWITCH LF DEFECTIVE
A844 ,SWITCH LR DEFECTIVE
A845 ,SWITCH MR DEFECTIVE
A846 ,SWITCH RR DEFECTIVE
A847 ,SWITCH DEFECTIVE
A848 ,SWITCH RF LOOSE
A849 ,SWITCH LF LOOSE
A850 ,SWITCH LR LOOSE
A851 ,SWITCH MR LOOSE
A852 ,SWITCH RR LOOSE
A853 ,SWITCH LOOSE
A854 ,SWITCH RF MISSING
A855 ,SWITCH LF MISSING
A856 ,SWITCH LR MISSING
A857 ,SWITCH MR MISSING
A858 ,SWITCH RR MISSING
A859 ,SWITCH MISSING
A860 ,SWITCH RF WRONG
A861 ,SWITCH LF WRONG
A862 ,SWITCH LR WRONG
A863 ,SWITCH MR WRONG
A864 ,SWITCH RR WRONG
A865 ,SWITCH WRONG
A866 ,SWITCH RF UNPLUGGED
A867 ,SWITCH LF UNPLUGGED
A868 ,SWITCH LR UNPLUGGED
A869 ,SWITCH MR UNPLUGGED
A870 ,SWITCH RR UNPLUGGED
A871 ,INF SWITCH UNPLUGGED
A872 ,SWITCH RF ALIGN
A873 ,SWITCH LF ALIGN
A874 ,SWITCH LR ALIGN
A875 ,SWITCH MR ALIGN
A876 ,SWITCH RR ALIGN
A890 ,SWITCH RF PLUGGED WRONG
A891 ,SWITCH LF PLUGGED WRONG
A892 ,SWITCH LR PLUGGED WRONG
A893 ,SWITCH MR PLUGGED WRONG
A894 ,SWITCH RR PLUGGED WRONG
A895 ,SWITCH RF CROSSWIRED
A896 ,SWITCH LF CROSSWIRED
A897 ,SWITCH LR CROSSWIRED
A898 ,SWITCH MR CROSSWIRED
A899 ,SWITCH RR CROSSWIRED
A900 ,INF Switch Scrw Strip
AA00 ,NO GRD OV LT SC LSE
AA01 ,NO GRD LOCK SC LOOSE
AA04 ,NO GRD ON BAKE/BROIL
AA05 ,NO GROUND-SWITCHES
AA06 ,NO GND CAV SC LOOSE
AA07 ,No Grd Door Hinge
AA09 ,NO GRD ON COIL ELEM
AA14 ,NO SPARK - WIRE PINCHED
AA15 ,LOCK HANDLE LOOSE
AA18 ,LOCK MOTOR WIRE OFF
AA19 ,LOCK MOTOR WIRE MISPLUGG
AA21 ,NO GROUND
AA22 ,NO GROUND LOCK MOTOR
AA24 ,LOCK ASSEMBLY DEF
AA25 ,LOCK ASSEMBLY CYCLING
AA26 ,Lock Motor Misplug UPR
AA27 ,Lock Motor Misplug LOWER
AA28 ,Lock Motor Wire Off UPR
AA29 ,Lock Motor Wire Off LOW
AA35 ,LOCK COVER MISSING
AA36 ,LOCK WIRE OFF
AA39 ,UPPER LOCK MOTOR MISPLUG
AA40 ,ELEMENT/BURNER DAMAGED
AA41 ,COIL ELEM DEFECT
AA42 ,BURNER ASSEMBLED WRONG
AA43 ,BURNER LOOSE
AA44 ,BURNER MISSING
AA45 ,COIL ELEMENT UNPLUGGED
AA46 ,BURNER WRONG PART
AA60 ,TRIM/VCOVER/ENDCAP DAMGD
AA61 ,TRIM/VCOVER/ENDCAP DEF
AA62 ,TRIM/VCOVER/ENDCAP ASMWG
AA63 ,TRIM/VCOVER/ENDCAP LOOSE
AA64 ,TRIM/VCOVER/ENDCAP MISSG
AA65 ,TRIM/VCOVER/ENDCAP WRONG
AC05 ,EYE BROW LOOSE
AC06 ,EYE BROW SCRATCHED
AC07 ,EYE BROW WRONG
AC08 ,EYE BROW DAMAGED
AC09 ,EYE BROW DEFECTIVE
AC10 ,EYE BROW ASSEMBLED WRONG
AC11 ,EYE BROW MISSING
AE01 ,CNTL PNL CLIPS MISSING
AE02 ,Cntl Pnl Rivet Stripped
AF03 ,CNTL PNL GLASS ASM WRONG
AF04 ,CNTL PNL GLASS GAP
AF06 ,CNTL PNL DAMAGED
AF07 ,CNTL PNL DEFECTIVE
AF08 ,CNTL PNL DAMAGED 2
AF09 ,CNTL PNL DEFECTIVE 2
AF10 ,CNTL PNL LOOSE
AF11 ,CNTL PNL MISSING
AF12 ,CNTL PNL LOOSE 2
AF13 ,CNTL PNL MISSING 2
AF17 ,CNTL PNL BRACKET LOOSE
AF18 ,CNTL PNL HARNESS UNPLUGD
AF20 ,C/P Screening Defective
AF23 ,CNTL PNL SCREW MISSING
AF24 ,CNTL PNL SCREW LOOSE
AF26 ,MANIFOLD PANEL LEAK
AF27 ,CNTL PNL ASSM WRONG
AF30 ,CNTL PNL WRONG PART
AF31 ,CNTL PNL FRAME DAMAGED
AF32 ,CNTL PNL FRAME DEFECT
AF33 ,CNTL PNL OVERLAY DEFECT
AF34 ,CNTL PNL FRAME ASM WRONG
AF35 ,CNTL PNL OVERLAY ASM WRG
AF36 ,CNTL PNL FRAME LOOSE
AF37 ,CNTL PNL FRAME MISSING
AF38 ,CNTL PNL FRAME WRG PART
AF39 ,Cntl Pnl Overlay Gap
AF40 ,CNTL PNL GLASS DMGD
AF41 ,CNTL PNL GLASS LOOSE
AF42 ,CNTL PNL GLASS MISS
AF44 ,CNTL PNL GLASS DEF
AF45 ,CNTL PNL ASM DIRTY
AF46 ,CNTL PNL CHIPPED
AF47 ,CNTL PNL SCRATCHED
AF48 ,PNL MOUNTING BRKT BROKE
AF50 ,CNTL PNL MEMBRANE DEFECT
AF55 ,Cntl Pnl Damaged Hanger
AF56 ,Cntl Pnl Damaged Screw
AF60 ,Cntl Pnl Body Damaged
AF61 ,Cntl Pnl Body Asm Wrg
AF62 ,Cntl Pnl Body Defective
AF63 ,Cntl Pnl Body Missing
AF64 ,Cntl Pnl Body Dirty
AF75 ,Cntl Pnl Button Def
ALL ,ALL ALD CODES
ATCH ,UNKNOWN
B003 ,MODULE MISSING
B010 ,MODULE DEFECTIVE
B101 ,BALLAST DEFECTIVE
B103 ,BALLAST MISSING
B190 ,BALLAST DAMAGED
B191 ,BALLAST ASM WRONG
B192 ,BALLAST LOOSE
B194 ,BALLAST UNPLUGGED
B204 ,FAN DAMAGED
B205 ,FAN DEFECTIVE
B206 ,FAN ASSEMBLED WRONG
B207 ,FAN LOOSE
B208 ,FAN MISSING
B209 ,FAN UNPLUGGED
B210 ,FAN WRONG
B211 ,FAN VIBRATING
B220 ,Fan Gasket Missing
B230 ,FAN COVER CHIPPED
B231 ,Fan Cover Damaged
B250 ,UPPER BLOWER UNPLUGGED
B255 ,LOWER BLOWER UNPLUGGED
B262 ,UPPER BLOWER FAD UNPLUG
B270 ,Blower Watts Too Low
B271 ,Blower Watts Too High
B275 ,Lower Blower Defective
B277 ,LOWER BLOWER FAD UNPLUG
BADM ,BAD MARRY
BB01 ,BURNER BRACKET BENT
BB02 ,Bridge Board Unplugged
BB03 ,Bridge Board Def
BD00 ,Board PN/SN not Written
BI50 ,BAKE ELEMENT DEFECTIVE
BK07 ,BAKE ELEMENT WRONG PART
BK14 ,BAKE ELEMENT WIRE OFF
BK28 ,BAKE ELEMENT DAMAGED
BK29 ,BAKE ELEMENT ASM WRONG
BK30 ,BAKE ELEMENT LOOSE
BK31 ,BAKE ELEMENT MISSING
BK32 ,BAKE ELEMENT UNPLUGGED
BK50 ,BAKE ELEM UNPLUG UPPER
BK51 ,BAKE ELEM UNPLUG LOWER
BK52 ,BAKE ELEM LOOSE UPPER
BK53 ,BAKE ELEM LOOSE LOWER
BK54 ,BAKE ELEM DEFECT UPPER
BK55 ,BAKE ELEM DEFECT LOWER
BK73 ,BAKE ELEM CRSWIRED UPPER
BK74 ,BAKE ELEM CRSWIRED LOWER
BK75 ,LOW BAKEBODY-SIDE UNPLUG
BL07 ,BROIL ELEMENT WRONG PART
BL11 ,BROIL ELEMENT WIRE OFF
BL20 ,BROIL ELEMENT DAMAGED
BL21 ,BROIL ELEMENT ASM WRONG
BL22 ,BROIL ELEMENT LOOSE
BL23 ,BROIL ELEMENT MISSING
BL24 ,BROIL ELEMENT UNPLUGGED
BL60 ,BROIL ELEM UNPLUG UPPER
BL61 ,BROIL ELEM UNPLUG LOWER
BL62 ,BROIL ELEM LOOSE UPPER
BL63 ,BROIL ELEM LOOSE LOWER
BL64 ,BROIL ELEM DEFECT UPPER
BL65 ,BROIL ELEM DEFECT LOWER
BL70 ,BROIL ELEM CRSWIRED UPR
BL71 ,BROIL ELEM CRSWIRED LOW
BM01 ,BASE MODULE ASMD WRONG
BM02 ,BASE MODULE DAMAGED
BM03 ,BASE MODULE LOOSE
BM04 ,BASE MOD LEG MISSING
BM10 ,RIVETS MISSING BASEMOD
BM25 ,WEIGHTS SHOWING
BR01 ,BRACKET DAMAGED
BR02 ,BRACKET DEFECTIVE
BR03 ,BRACKET ASM WRONG
BR04 ,BRACKET LOOSE
BR05 ,BRACKET MISSING
BR06 ,BRACKET WRONG PART
BR07 ,BRACE DAMAGED
BR08 ,BRACE DEFECTIVE
BR09 ,BRACE ASM WRONG
BR10 ,BRACE LOOSE
BR11 ,BRACE MISSING
BR12 ,BRACE WRONG PART
BR13 ,BRACE ALIGNMENT
BR14 ,BRACKET ALIGNMENT
BR15 ,BRACKET SCREW MISSING
BR16 ,BRACKET SCREW LOOSE
BRT1 ,Broil Trim Damaged
BRT2 ,Broil Trim Defective
BSS1 ,SCRAP BLACKSS BASE PART
BT01 ,BOTTOM TRIM MISSING
BT02 ,BOTTOM TRIM WRONG
BT10 ,BOTTOM TRIM DAMAGED
BT11 ,BOTTOM TRIM DEFECTIVE
BT12 ,BOTTOM TRIM ASM WRONG
BT13 ,BOTTOM TRIM LOOSE
BW01 ,Lower Blower Board Def
BW10 ,LOWER BLOWER CURRENT HI
BW11 ,LOWER BLOWER CURRENT LOW
BZ01 ,WIRE ON BUZZER
CA01 ,CAPACITOR UNPLUGGED
CA02 ,CAPACITOR DEFECTIVE
CA03 ,CAPACITOR MISSING
CC05 ,CAVITY CUP LOOSE
CC06 ,CAVITY CUP NOT FLUSH
CC07 ,CAV CUP INSULATION MISS
CC08 ,CAV CUP INSULATION THIN
CD01 ,CONDUIT DAMAGED
CD02 ,CONDUIT DEFECTIVE
CD03 ,CONDUIT ASSEMBLED WRONG
CD04 ,CONDUIT LOOSE
CD05 ,CONDUIT MISSING
CD06 ,CONDUIT WRONG
CD07 ,CONDUIT UNPLUGGED
CD08 ,CONDUIT MISSPLUGGED
CE01 ,Center Elem Def
CE02 ,Center Elem Dmgd
CE20 ,CONVECT ERC DISPLAY
CF01 ,CONVECT FAN DAMAGED
CF02 ,CONVECT FAN DEFECTIVE
CF03 ,CONVECT FAN ASM WRONG
CF04 ,CONVECT FAN BLADE LOOSE
CF05 ,CONVECT FAN MISSING
CF06 ,CONVECT FAN WRONG PART
CF07 ,CONVECT FAN UNPLUGGED
CF08 ,CONVECT FAN BLADE WOBBLE
CF09 ,CONVECT FAN BACKWARDS
CF10 ,CONVECT FAN DIRECTION
CF11 ,CONVECT FAN CHOKE ASMWRG
CF12 ,CONV FAN COVER MISSING
CF13 ,CONV FAN CROSSWIRED
CF14 ,CONVECT FAN NOISY
CF15 ,CONV FAN INSULATOR MISS
CF16 ,CONVECT FAN CCW
CF20 ,CONVECT FAN BLADE MISS
CF40 ,UP COOLING FAN NOISY
CF43 ,UP COOLING FAN UNPLUGGED
CF44 ,UP COOLING FAN WRG PART
CF45 ,UP COOLING FAN MISSING
CF46 ,UP COOLING FAN LOOSE
CF47 ,UP COOLING FAN ASM WRG
CF48 ,UP COOLING FAN DEFECTIVE
CF49 ,UP COOLING FAN DAMAGED
CF88 ,Cooling Fan FADFOD Sw-Def
CF89 ,Cooling Fan Crosswired
CF90 ,COOLNG FAN NOISY
CF91 ,COOLNG FAN DIVIDER ASMWG
CF92 ,COOLING FAN HITS SCREEN
CF93 ,COOLING FAN UNPLUGGED
CF94 ,COOLING FAN WRONG PART
CF95 ,COOLING FAN MISSING
CF96 ,COOLING FAN LOOSE
CF97 ,COOLING FAN ASM WRONG
CF98 ,COOLING FAN DEFECTIVE
CF99 ,COOLING FAN DAMAGED
CL00 ,Caution Label Alignment
D375 ,DOOR VENT DAMAGED
DB01 ,DROP BOX UNPLUGGED
DB02 ,DROP BOX RIBBON DEF
DB03 ,DROP BOX RIBBON DMGD
DB04 ,DROP BOX DAMAGED
DB05 ,DROP BOX DEFECTIVE
DB06 ,DROP BOX ASSEMBLED WRONG
DB07 ,DROP BOX LOOSE
DB20 ,Display Board Defective
DC01 ,DOOR UPPER CLIP MISSING
DC02 ,DOOR LOWER CLIP MISSING
DC03 ,DOOR UPPER CLIP BROKEN
DC04 ,DOOR LOWER CLIP BROKEN
DF01 ,DOOR FILLER DAMAGED
DF02 ,DOOR FILLER DEFECTIVE
DF03 ,DOOR FILLER ASM WRONG
DF04 ,DOOR FILLER LOOSE
DF05 ,DOOR FILLER WRONG
DF06 ,DOOR FRAME DAMAGED UPPER
DF07 ,DOOR FRAME DEFECT UPPER
DF08 ,DOOR FRAME DAMAGED LOWER
DF09 ,DOOR FRAME DEFECT LOWER
DF10 ,DOOR BOTTOM TRIM DEF
DG01 ,INNER DOOR GLASS DAMAGED
DG02 ,OUTER DOOR GLASS DAMAGED
DG03 ,INNER DOOR GLASS DEFECT
DG04 ,OUTER DOOR GLASS DEF 1
DG05 ,INNER DOOR GLASS ASM WR
DG06 ,INNER DOOR GLASS LOOSE
DG07 ,OUTER DOOR GLASS LOOSE
DG08 ,INNER DOOR GLASS MISSING
DG09 ,OUTER DOOR GLASS MISSING
DG10 ,INNER DOOR GLASS WRONG
DG11 ,OUTER DOOR GLS WRG PART
DI01 ,DOOR INSULATION ASM WRNG
DL00 ,DOOR LABEL ALIGNMENT
DM00 ,DRM1 DEFECTIVE
DM01 ,DRM1 ASM WRONG
DM02 ,DRM1 UNPLUGGED
DM03 ,DRM1 CROSSWIRED
DM20 ,DRM2 DEFECTIVE
DM21 ,DRM2 ASM WRONG
DM22 ,DRM2 UNPLUGGED
DM23 ,DRM2 CROSSWIRED
DO01 ,OUTER DOOR ASSEMBLED WRG
DO02 ,STAINLESS DR PANEL ASMWG
DO03 ,STAINLESS DR PANEL DAMGD
DO04 ,STAINLESS DR PANEL DEFEC
DO05 ,PLASTIC DOOR PANEL ASMWG
DO06 ,PLASTIC DOOR PANEL DAMGD
DO07 ,PLASTIC DOOR PANEL DEFEC
DO08 ,STAINLESS DR PANEL GAP
DO09 ,PLASTIC DOOR PANEL GAP
DO10 ,GE VENT TRIM GAP
DO11 ,PRO VENT TRIM GAP
DO12 ,STAINLESS DR PANEL LOOSE
DO20 ,ALUMINUM DR PANEL ASMWG
DO21 ,ALUMINUM DR PANEL DMGD
DO22 ,ALUMINUM DR PANEL DEFECT
DO23 ,ALUMINUM DR PANEL GAP
DO50 ,SS DOOR PANEL GAP UPPER
DO51 ,SS DOOR PANEL GAP LOWER
DR00 ,DOOR INSTALLED WRONG
DR20 ,DOOR INSTRUCT SHEET MISS
DR25 ,DR TO CP Y PARALLEL
DR26 ,DR TO DR Y PARALLEL
DR40 ,DR TO CP X DIMENSION
DR41 ,DR TO DR X DIMENSION
DS01 ,DOOR SS ASM WRG
DS10 ,DOOR SCREEN DAMAGED
DS15 ,DOOR SCREW LOOSE UPPER
DS16 ,DOOR SCREW LOOSE LOWER
DT01 ,DOOR TRIM DAMAGED
DT02 ,DOOR TRIM DEFECTIVE
DT03 ,DOOR TRIM ASM WRONG
DT04 ,DOOR TRIM LOOSE
DT05 ,DOOR TRIM WRONG
DU01 ,DAUGHTER BOARD ASMD WRG
DU02 ,DAUGHTER BOARD DAMAGED
DU03 ,DAUGHTER BOARD LOOSE
DV01 ,DEFENDI INJET DEFECTIVE
DW10 ,DRAWER INSTALLED WRONG
DW11 ,DRAWER MACHINE DOWN
E200 ,Edge2Edge Gasket Missing
EC01 ,EBC LEFT BOARD DEF
EC02 ,EBC RIGHT BOARD DEF
EC03 ,EBC LT BOARD PINS BENT
EC04 ,EBC RT BOARD PINS BENT
EC05 ,EBC LT BOARD UNPLUGGED
EC06 ,EBC RT BOARD UNPLUGGED
EC07 ,EBC BOARD PIN CORROSION
EL05 ,ELEMENT MOISTURE
EL09 ,ELEMENT DIRTY
EL10 ,ELEM LR OFF STUD
EL11 ,ELEM LF OFF STUD
EL12 ,ELEM RR OFF STUD
EL13 ,ELEM RF OFF STUD
EL14 ,ELEM MR OFF STUD
EL15 ,ELEM BRIDGE OFF STUD
EL16 ,ELEM LF BRKT ASMD WRONG
EL17 ,ELEM LR BRKT ASMD WRONG
EL18 ,ELEM RF BRKT ASMD WRONG
EL19 ,ELEM RR BRKT ASMD WRONG
EL20 ,ELEM MR BRKT ASMD WRONG
EL21 ,ELEM BRG BRKT ASMD WRONG
EL22 ,ELEM BRIDGE CROSSWIRED
EL23 ,BRIDGE ELEM DEFECTIVE
EL24 ,RTV ON LF ELEMENT
EL25 ,BRIDGE ELEMENT UNPLUGGED
EL26 ,RTV ON LR ELEMENT
EL27 ,RTV ON RR ELEMENT
EL28 ,RTV ON RF ELEMENT
EL29 ,RTV ON MR ELEMENT
EL30 ,RTV ON BRIDGE ELEMENT
EL31 ,BB INSULATION IN LF ELEM
EL32 ,BB INSULATION IN LR ELEM
EL33 ,BB INSULATION IN RR ELEM
EL34 ,BB INSULATION IN RF ELEM
EL35 ,BB INSULATION IN MR ELEM
EL36 ,BB INSULATION IN BRG ELE
EL37 ,MT INSULATION ON LF ELEM
EL38 ,MT INSULATION ON LR ELEM
EL39 ,MT INSULATION ON RR ELEM
EL40 ,ELBOW DEFECTIVE
EL41 ,MT INSULATION ON RF ELEM
EL42 ,MT INSULATION ON MR ELEM
EL43 ,MT INSULATION ON BRG ELE
EL44 ,BB INSULATION IN ELEMENT
EL45 ,RTV IN ELEMENT
EL46 ,ELEM SENSOR WIRE ASM WRG
EL50 ,ELBOW TO PIPE LEAKS
EL51 ,ELBOW TO HOOKUP LEAKS
EL70 ,MT INSULATION IN ELEMENT
EL71 ,BRIDGE ELEMENT DAMAGED
FB01 ,FALSE BOTTOM DAMAGED
FB02 ,FALSE BOTTOM DEFECTIVE
FB03 ,FALSE BOTTOM MISSING
FC01 ,BRUSH SCARS
FC02 ,PITS
FC03 ,STARRING & ROUGH SPRAY
FC04 ,BASE SPECKS
FC05 ,LIGHT SPRAY SIDE
FC06 ,LIGHT SPRAY FACE
FC07 ,LIGHT SPRAY F/F
FC08 ,LIGHT SPRAY U/S
FC09 ,TRANSFER SCAR
FC10 ,FALL OFF
FC11 ,TRASH
FC12 ,BLACK SPECKS
FC13 ,FURNACE SCALE
FC14 ,METAL FINISH
FC15 ,DENTS
FC16 ,SPLITS
FC17 ,WELDS
FC18 ,BURRS
FC19 ,BRUSH SCAR
FC20 ,RUST
FC21 ,WATER
FC22 ,BOIL OUT
FC23 ,MISC.
FC24 ,CRATERS
FC25 ,BLUE CORNERS
FC26 ,BUMP CONTRASTING
FC27 ,WHITE SPECKS
FC28 ,BLUE SPOTS
FC29 ,BOWED MAINTOP
FC30 ,FALLOFF (TRANSFER AREA)
FC31 ,SHALING
FC32 ,SLUGS
FC33 ,ENAMEL REWORK
FC34 ,CHIPS/SPALLING
FC35 ,WHT BOOTH SCAR
FC36 ,BUMPS/LUMPS
FC37 ,WARPED MT
FC38 ,WATER SPOT
FC39 ,LUBE DEFECT
FC40 ,DIE MARK
FC41 ,BURNOFF
FC42 ,RACK MARK
FC43 ,TRIAL RUN
FC44 ,PROCESS DEVIATION
FC45 ,GREEN BELT PROJECT
FC46 ,BLACK BELT PROJECT
FC47 ,BLUE LINES
FC48 ,OIL
FC49 ,TOX LOOSE
FC50 ,TOX DENT
FC51 ,FURNACE SCAR
FC52 ,TOX MISSING
FC53 ,DRIED LUBE
FC54 ,A-BUMP CONTRASTING
FC55 ,A-TRASH
FC56 ,A-BLACK SPECKS
FC57 ,A-PITS
FC58 ,A-STARRING/ROUGH SPRAY
FC59 ,A-DENTS
FC60 ,A-WHITE SPECKS
FC61 ,A-LIGHT SPRAY U/S
FC62 ,A-FALL OFF
FC63 ,A-TRANSFER SCAR
FC64 ,HOLE MISSING
FC65 ,PLASTIC FILM DAMAGE
FC66 ,A-BLUE CORNERS
FC67 ,A-BLUE SPOT
FC68 ,A-BURRS
FC69 ,A-OUTGASSING
FC70 ,A-BOIL OUT
FC71 ,A-SLUGS
FC72 ,A-CREASE
FC73 ,A-FISH SCALE
FC74 ,A-REWORK
FC75 ,A-HAIRLINE
FC76 ,A-GRAPHIC TRANSFER
FC77 ,A-PAINT BLISTER
FC78 ,HEAT SINK
FD00 ,FRENCH DOOR PARALLELISM
FD01 ,FRENCH DOOR FLUSHNESS
FD02 ,FD Hold Down Brkts Miss
FD03 ,FD Push Pull Failure
FD04 ,FD Adjustments
FF01 ,ROUGH SPRAY
FF02 ,BOIL OUT
FF03 ,ENAMEL BUMPS CORNER
FF04 ,SCARS
FF05 ,BURNOFF
FF06 ,DISCOLORED SPOTS
FF07 ,FLOWCOAT MISS
FF08 ,DENTS
FF09 ,WATER LINES
FF10 ,OIL
FF11 ,MISC.
FF12 ,PRESS AND WELD
FF13 ,LINE SCARS
FF14 ,BRUSH/BEAD
FF15 ,TAB DEFECT
FF16 ,TRIAL RUN
FF17 ,PROCESS DEVIATION
FF18 ,GREENBELT PROJECT
FF19 ,BLACKBELT PROJECT
FF20 ,CHIP
FF21 ,DRAIN LINE
FF22 ,FURNACE SCAR
FF23 ,HEAVY SPRAY
FF24 ,OPERATOR DAMAGE
FF25 ,RESPRAY
FF26 ,A-BOIL OUT
FF27 ,A-BRUSH/BEAD
FF28 ,A-BURNOFF
FF29 ,A-CHIPS
FF30 ,A-DENTS
FF31 ,A-DARK SPOTS
FF32 ,EA-NAMEL BUMPS
FF33 ,A-FLOWCOAT MISS
FF34 ,A-HEAVY SPRAY
FF35 ,A-MISC
FF36 ,A-OIL
FF37 ,A-OPERATOR DAMAGE
FF38 ,A-PRESS/WELD
FF39 ,A-RESPRAY
FF40 ,A-ROUGH SPRAY
FF41 ,A-SCARS
FF42 ,A-SPLITS
FF43 ,A-TAB DEFECT
FF44 ,A-WATER LINES
FF45 ,BURNOFF
FF46 ,BURNOFF CORNER
FF47 ,BURNOFF RIBS/BOTTOM
FF48 ,ENAMEL BUMPS LUMPS
FF49 ,SHEARED OFF SPLITS
FF50 ,BURNOFF HANDSPRAYER
FF51 ,BLOWOFF
FF52 ,BLOWOFF SCARS
FF53 ,BLOWOFF OIL
FF54 ,BLOWOFF TRASH
FF55 ,BLOWOFF WATERSPOTS
FF56 ,BLOWOFF FLOWCOAT MISS
FF57 ,NON WASH DEFECT
FF58 ,A-DEBEAD CHIP
FF90 ,FAD/FOD Switch Miss UPR
FF91 ,FAD/FOD Switch Miss LOW
FF93 ,FAD/FOD SWITCH UNPLUGGED
FF94 ,FAD/FOD SWITCH WRONG
FF95 ,FAD/FOD SWITCH MISSING
FF96 ,FAD/FOD SWITCH LOOSE
FF97 ,FAD/FOD SWITCH ASM WRONG
FF98 ,FAD/FOD SWITCH DEFECTIVE
FF99 ,FAD/FOD SWITCH DAMAGED
FG02 ,ENAMEL BUMPS
FG03 ,TRANSFER SCARS
FG04 ,BURNOFF
FG05 ,BLUE SPOTS
FG06 ,DENTS
FG07 ,FALLOFF
FG08 ,FURNACE SCARS
FG09 ,WATER
FG10 ,RAW DEFECT
FG11 ,BAD STEEL
FG12 ,PRESS AND WELD
FG13 ,BAD REWORK
FG14 ,BOWED/WARPED
FG15 ,HEAVY SPRAY
FG16 ,OUTGASSING
FG17 ,POWDER SLIDE
FG18 ,TRIAL RUN
FG19 ,PROCESS DEVIATION
FG20 ,GREEN BELT PROJECT
FG21 ,BLACK BELT PROJECT
FG22 ,OIL
FG23 ,DARK SPOTS
FG24 ,A-CHIP
FG25 ,A-DENTS
FG26 ,A-BURN OFF
FG27 ,A-TRANSFER SCAR
FG28 ,A-FALL OFF
FG29 ,a_DEBRIS
FG30 ,A-TEAR DOWNS
FG31 ,BLOW OFF
FG32 ,A-OPERATOR DAMAGE
FG33 ,A-ENAMEL BUMPS
FG34 ,A-BAD WELDS
FG35 ,A-BRACKETS MISSING
FG36 ,A-BRACKETS INSERT WRONG
FG37 ,A-LINE DAMAGE
FG38 ,A-STACKER DAMAGE
FG39 ,PITS
FG40 ,MIS FORM
FG41 ,OIL
FG42 ,HEAVY SPRAY
FG43 ,TRASH
FG44 ,OIL
FG46 ,SCRATCH
FG48 ,UNKNOWN
FG50 ,UNKNOWN
FG56 ,WATER SPOT
FP01 ,LIGHT SPRAY
FP02 ,SPLATTERS & BUMPS
FP03 ,IMPACK FUSION
FP04 ,DIRT
FP05 ,FISH EYES
FP06 ,RUST
FP07 ,FAB DEFECTS
FP08 ,PAINT NO GROUND
FP09 ,SCRATCHES
FP10 ,HEAVY SPRAY
FP11 ,CHEMICAL SPOTS
FP12 ,WATER SPOTS
FP13 ,OIL
FP14 ,MISC.
FP15 ,BAD REWORK
FP16 ,FRONT PANEL DENT
FP17 ,FRONT PANEL SCRATCH
FP18 ,PINHOLES
FP19 ,TRIAL RUN
FP20 ,PROCESS DEVIATION
FP21 ,GREEN BELT PROJECT
FP22 ,BLACK BELT PROJECT
FP23 ,STRIP RESIDUE
FP24 ,RACK PROBLEM
FP25 ,CONTRASTING DEFECT
FP26 ,ASM TRASH/DIRT
FP27 ,ASM DENTS
FP28 ,ASM HEAVY SPRAY
FP29 ,ASM RACK PROBLEMS
FP30 ,ASM LIGHT SPRAY
FP31 ,ASM RUB MARKS
FP32 ,ASM FAB DEFECTS
FP33 ,ASM SPLATTERS/BUMPS
FP34 ,ASM CONTRASTING SPECKS
FP35 ,ASM NO GROUND
FP36 ,ASM FISH EYES
FP37 ,ASM WATER SPOTS
FP38 ,ASM OIL
FP39 ,ASM BROKEN WELDS
FP40 ,ASM CONTRASTING SPECKS
FP41 ,ASM RUB MARK
FP42 ,ASM CHEMICAL SPOTS
FP43 ,ASM BAD WELDS
FP44 ,CONVEYOR DAMAGE
FP45 ,BAD WELDS
FP46 ,ASM SCRATCHES
FP47 ,POOR BOND
FP48 ,ASM RUST
FP49 ,ASM MISC
FP50 ,FELT PAD MISSING
FP51 ,FELT PAD SHOWS
FP52 ,BUMPER MISSING
FP53 ,HT-TRASH/DIRT
FP54 ,HT-PITS/CRATERS
FP55 ,HT-CONTRASTING SPECKS
FP56 ,HT-LIGHT SPRAY
FP57 ,HT-HEAVY SPRAY
FP58 ,HT-MISC
FP59 ,ORANGE PEEL
FP60 ,HT-ORANGE PEEL
FP70 ,DOOR GLASS FELT MISSING
FP71 ,DOOR GLASS FELT SHOWS
FP75 ,Bumpers Loose
FP87 ,FACE PLATE-GLASS UNPLUGD
FP88 ,FACE PLATE-PLASTIC WRONG
FP89 ,FACE PLATE-GLASS WRONG
FP90 ,FACE PLATE-PLASTIC MISSG
FP91 ,FACE PLATE_GLASS MISSING
FP92 ,FACE PLATE-PLASTIC LOOSE
FP93 ,FACE PLATE-GLASS LOOSE
FP94 ,FACE PLATE_GLASS ASM WRG
FP95 ,FACE PLATE_PLAST ASM WRG
FP96 ,FACE PLATE-PLASTIC DEFEC
FP97 ,FACE PLATE-GLASS DEFECT
FP98 ,FACE PLATE - PLASTIC DMGD
FP99 ,FACE PLATE-GLASS DAMAGED
FR00 ,FRAME ASSEMBLED WRONG
FR01 ,FRAME WRONG PART
FU01 ,FUSE MISSING
GL01 ,GLASS OTHER DAMAGED
GL02 ,OUTER DOOR GLASS DEFECT2
GL03 ,OUTER DOOR GLASS ASMWRG
GL04 ,GLASS LOOSE
GL05 ,GLASS MISSING
GL06 ,GLASS WRONG
GL07 ,GLASS DAMAGED UPPER
GL08 ,GLASS DAMAGED LOWER
GL09 ,OUTER GLASS PACK DIRTY
GL10 ,INSIDE OF GLASS PK DIRTY
GL11 ,INSULATION INSIDE GLPACK
GM01 ,GAS MAINTOP GLASS DMGD
GM02 ,GAS MAINTOP PORC DMGD
GM03 ,GAS MAINTOP GLASS DEF
GM04 ,GAS MAINTOP PORC DEF
GM05 ,GAS MAINTOP SS DMGD
GM06 ,GAS MAINTOP SS DEF
GP01 ,GLASS PACK DIRTY UPPER
GP02 ,GLASS PACK DIRTY LOWER
GP03 ,GLASS PACK DEFECT UPPER
GP04 ,GLASS PACK DEFECT LOWER
GP05 ,GLASS PACK DAMAGED UPPER
GP06 ,GLASS PACK DAMAGED LOWER
GR01 ,GROUND WIRE UNPLUGGED
GR02 ,GROUND WIRE NOT SCR DOWN
HA01 ,HALOGEN OVN LT DAMAGED
HA02 ,HALOGEN OVN LT BULB DEF
HA03 ,HALOGEN OVN LT ASM WRONG
HA04 ,HALOGEN OVN LT LOOSE
HA05 ,HALOGEN OVN LT UNPLUGGED
HA06 ,HALOGEN OVN LT WIRE DEF
HI50 ,HIGH BOWL
HL01 ,HOT LIGHT ALIGNMENT
HL02 ,HOT LIGHT DEFECTIVE
HL03 ,HOT LIGHT WIRED WRONG
HL04 ,HOT LIGHT MAINTOP UNPLUG
HL05 ,Hot Light Crosswired
HS01 ,HEAT SHIELD LOOSE
HS02 ,HEAT SHIELD MISSING
IB01 ,INCANDESCENT BULB DEFECT
IB02 ,INCANDESCENT CERAMIC DEF
IG01 ,IGNITOR LR UNPLUGGED
IG02 ,IGNITOR RR UNPLUGGED
IG03 ,IGNITOR MR UNPLUGGED
IG04 ,IGNITOR LF UNPLUGGED
IG05 ,IGNITOR RF UNPLUGGED
IG06 ,IGNITOR MISALIGNED
IJ01 ,INJET ASSEMBLED WRONG
IJ02 ,INJET DAMAGED
IJ03 ,INJET DEFECTIVE
IJ04 ,INJET WRONG PART
IJ05 ,INJET NUT LOOSE
IJ06 ,INJET LEAKS
IJ07 ,INJET LF ALIGNMENT
IJ08 ,INJET LR ALIGNMENT
IJ09 ,INJET RR ALIGNMENT
IJ10 ,INJET RF ALIGNMENT
IJ11 ,INJET MR ALIGNMENT
IJ12 ,INJET CLIP LF ASMD WRONG
IJ13 ,INJET CLIP LR ASMD WRONG
IJ14 ,INJET CLIP RF ASMD WRONG
IJ15 ,INJET CLIP RR ASMD WRONG
IJ16 ,INJET CLIP ASM WRONG
IJ17 ,INJET HOUSING WRONG PART
IJ18 ,INJET CLIP MISSING
IJ19 ,INJET NOT PIPED UP
IL01 ,IND LIGHT LENS MISSING
IL02 ,IND LIGHT LENS DEFECTIVE
IL03 ,IND LIGHT LENS LOOSE
IM01 ,INDUCTION MOD ALIGNMENT
IM02 ,INDUCTION MOD ASSM WRONG
IM03 ,INDUCTION MOD DAMAGED
IM04 ,INDUCTION MOD DEFECTIVE
IM05 ,HYPOT INDUCTION MODULE
IM06 ,INDUCTION MOD UNPLUGGED
IN01 ,LOW CYCLE TIME INFINITE
IN10 ,INNER VENT TRIM WRONG
IS00 ,INS SHOWS IN DR LINER
KERR ,KICK OFF ERROR
KR01 ,KNIGHT RIDER DEFECTIVE
KR02 ,KNIGHT RIDER DAMAGED
KR03 ,Knight Rider Wrong Part
KR04 ,Knight Rider Unplugged
LB00 ,LIGHT BAR DEFECTIVE
LB01 ,Light Guide Missing
LB08 ,LED Board Defective
LB09 ,LED Board Unplugged
LC04 ,CONV FAN COVER DEFECTIVE
LC05 ,CONV FAN MOTOR LOOSE
LC06 ,CONV FAN COVER LOOSE
LC07 ,CONV FAN COVER DAMAGED
LC08 ,CONV FAN BINDING
LC09 ,Conv Fan Cover Scratched
LC50 ,CONV ELEMENT DEFECTIVE
LC55 ,CONV ELEMENT CROSSWIRED
LC59 ,CONV ELEMENT DAMAGED
LC61 ,CONVECT BAKE DEFECT
LC63 ,CONVECT BAKE LOOSE
LC64 ,CONV BAK UNPLUGGED
LC65 ,CONVECT ELEMENT LOOSE
LC66 ,CONVECT ELEMENT MISSING
LC67 ,CONVECT ELEMENT WRONG
LC68 ,CONVECT ELEMENT UNPLUGED
LC82 ,CONV BAKE ASM WRONG
LED1 ,LED HARNESS DEFECTIVE
LED2 ,LED HARNESS DAMAGED
LED3 ,LED HARNESS UNPLUGGED
LED4 ,LED HARNESS CROSSWIRED
LED5 ,Wrong LED Board
LED7 ,LED LIGHTS WRONG PART
LED8 ,LED LIGHTS DEFECTIVE
LED9 ,LED LIGHT ALIGNMENT
LG01 ,LOGIC BOARD ASMD WRONG
LG02 ,LOGIC BOARD DAMAGED
LG03 ,LOGIC BOARD DEFECTIVE
LG04 ,LOGIC BOARD LOOSE
LG05 ,LOGIC BOARD UNPLUGGED
LK03 ,LOCK MOTOR BINDS
LK08 ,LOCK MOTOR WIRE HARN DEF
LK10 ,Lock to Door Alignment
LK20 ,Lock Asm Cross Wired UPR
LK21 ,Lock Asm Cross Wired LOW
LK24 ,LOCK PIGGYBACK UP ASMWRG
LK25 ,LOCK PIGGYBACK LO ASMWRG
LK26 ,LOCK ASMBLY CROSS WIRED
LK27 ,LOCK MICROSW ARM BENT
LK50 ,NO PUSH TO TURN LOCKOUT
LL01 ,LIGHT LENS ASM WRONG
LM00 ,LIMIT SWITCH DAMAGED
LM01 ,LIMIT SWITCH DEFECTIVE
LM02 ,LIMIT SWITCH UNPLUGGED
LM04 ,LIMIT SWITCH TOP UNPLUGD
LM05 ,LIMIT SWITCH BACK UNPLUG
LR00 ,LOCK REFERENCE SET WRONG
LR15 ,RIBBON LARGE UNPLUG
LS00 ,LOCKOUT SWITCH DEFECTIVE
LS01 ,LOCKOUT SWITCH CRSSWIRED
LS02 ,LOCKOUT SWITCH ASMD WRG
LS04 ,LOCKOUT SWITCH UNPLUGGED
LS05 ,LOCKOUT SWITCH DAMAGED
LV10 ,LOCKOUT VALVE DEFECTIVE
LV11 ,LOCKOUT VALVE LEAKS
LV12 ,LOCKOUT VALVE ALIGNMENT
MA01 ,MANUAL MODE
MA10 ,RPSM AUX BOARD DEFECT
MA11 ,RPSM AUX BOARD ASM WRG
MA12 ,RPSM AUX BOARD UNPLUG
MA13 ,RPSM AUX BOARD CRSWIRED
MB01 ,MABE NUT LOOSE
MB02 ,MABE NUT STRIPPED
MB03 ,MABE NUT MISSING
MB04 ,MABE NUT CROSSTHREADED
MB10 ,Mode Board Defective
MB25 ,MOISTURE BARRIER MISSING
MB26 ,MOISTURE BARRIER ASMWRG
MC01 ,JUNCTION BLOCK DAMAGED
MC02 ,JUNCTION BLOCK DEFECTIVE
MC03 ,JUNCTION BLOCK LOOSE
MC04 ,JUNCTION BLOCK MISSING
MC05 ,JUNCTION BLOCK UNPLUGGED
MC06 ,MICROWAVE WRONG
MC07 ,JUNCTION BLOCK ASM WRONG
MC08 ,MICROWAVE FRAME DAMAGED
MC09 ,MICROWAVE FRAME DEFECT
MC10 ,MICROWAVE FRAME ASSM WRG
MC11 ,MICROWAVE DOOR DAMAGED
MC12 ,MICROWAVE DOOR DEFECTIVE
MC13 ,MICROWAVE DOOR ASSM WRNG
MC14 ,MICROWAVE DOOR LOOSE
MC15 ,MICROWAVE WIR/CON DMG
MC16 ,MICROWAVE WIR/CON DEF
MC17 ,MICROWAVE WIR/CON ASM W
MC18 ,MICROWAVE WIR/CON UNPLUG
MC19 ,MICROWAVE CONT PNL DMGD
MC20 ,MICROWAVE CONT PNL DEF
MC21 ,MICROWAVE CONT PNL ASM W
MC22 ,Microwave Unplugged
MC23 ,Microwave Side Trim Def
MC24 ,MICROWAVE ERC DEFECTIVE
MC25 ,MICROWAVE LEAKS
MC26 ,MICROWAVE MISSING
MC27 ,JUNCTION BLOCK WRONG
MC29 ,MICROWAVE INNER WIRE UNP
MC30 ,MICROWAVE FRAME LOOSE
MC31 ,MICROWAVE DIRTY
MC32 ,MICROWAVE DR GASKT LOOSE
MC33 ,MW Fuse Defective
MC34 ,MW Halogen Elem Def
MC35 ,MW Convect Elem Def
MC36 ,MW Convect Fan Def
MC37 ,MW Door Packing
MC48 ,MAGNETRON NOISY
MC49 ,MICROWAVE LOW WATTS
MC50 ,SAFETY INTERLOCK DEFECT
MC51 ,MAGNETRON NOT SEATED
MC52 ,MAGNETRON SCREWS MISSING
MC53 ,MAGNETRON UNPLUGGED
MC54 ,MAGNETRON DEFECTIVE
MC55 ,DIODE SCREW LOOSE
MC56 ,SIDE TRIM LOOSE
MC57 ,MICROWAVE FAILED HYPOT
MC58 ,MICROWAVE NO SPARKLE
MD01 ,MIDDLE TRIM DAMAGED
MD02 ,MIDDLE TRIM DEFECTIVE
MD03 ,MIDDLE TRIM ASM WRONG
MD04 ,MIDDLE TRIM LOOSE
MD05 ,MIDDLE TRIM MISSING
MD06 ,MIDDLE TRIM WRONG
ME00 ,RPSM MAIN BOARD DEFECT
ME01 ,RPSM MAIN BOARD ASM WRG
ME02 ,RPSM MAIN BOARD UNPLUG
ME03 ,RPSM MAIN BOARD CRSWIRED
MN01 ,MANIFOLD PANEL ASM WRG
MN02 ,MANIFOLD PANEL DAMAGED
MN03 ,MANIFOLD PANEL DEFECTIVE
MN04 ,MANIFOLD PANEL LOOSE
MN05 ,MANIFOLD PANEL MISSING
MN06 ,MANIFOLD PANEL WRONG
MN07 ,MANIFOLD LEAKS
MN08 ,MANIFOLD DEFECTIVE
MN09 ,MANIFOLD ASM WRONG
MN10 ,MANIFOLD DAMAGED
MN11 ,DEBRIS IN MANIFOLD
MN12 ,MANIFOLD SEAL DEFECTIVE
MN13 ,MANIFOLD SEAL MISSING
MN14 ,MANIFOLD WRONG PART
MN25 ,MANIFOLD NUT LOOSE
MN40 ,SWITCH MNFLD HARN DEFECT
MN41 ,SWITCH MNFLD HARN DAMAGD
MN51 ,MANIFOLD UNPLUGGED
MT01 ,MEAT PROBE SOCKET DEF
MT02 ,MEAT PROBE SOCKET LOOSE
MT07 ,MEAT PROBE DAMAGED
MT08 ,MEAT PROBE DEFECTIVE
MT09 ,MEAT PROBE ASMD WRONG
MT10 ,MEAT PROBE MISSING
MT11 ,MEAT PROBE WRONG
MT12 ,MEAT PROBE UNPLUGGED
MT13 ,MAINTOP BRACKET ALIGN
MT14 ,RTV ON MAINTOP
MT15 ,MT HARNESS MISPLUGGED
MT20 ,MAINTOP INSTALLED WRONG
MT25 ,MEAT PROBE NOT NEEDED
MW00 ,LAUNCHBOX DEFECTIVE
MW01 ,LAUNCHBOX DAMAGED
MW02 ,LAUNCHBOX SCREWS MISSING
MW05 ,PAWL SPRING DEFECTIVE
MW10 ,RF LEAKAGE - CHANGED HINGE
MW11 ,RF CONVECT ELEMENT LEAK
MW12 ,RF BAKE ELEMENTLEAK
MW13 ,RF BROIL ELEMENT LOOSE
MW14 ,RF CAVITY DEFECTIVE
MW21 ,MW OVEN CAVITY SCRATCHED
MW28 ,MW NOT TESTED
MW29 ,RF SENSOR LEAK
MW30 ,RF CONVECT MOTOR LEAK
MW31 ,RFLEAK SILVER HINGE USED
MW32 ,RFLEAK YELLOW HINGE USED
MW33 ,RF BROIL ELEMENT LEAK
MW34 ,RF MAGNETRON LEAK
MW35 ,RF LAUNCH BOX LEAK
MW36 ,RF OVEN LIGHT LEAK
MW37 ,RF MISC LEAK
MW38 ,RFLEAK BLUE HINGE USED
MW39 ,RFLEAK GREEN HINGE USED
NC00 ,NEUTRAL CURRENT CONV FAN
NF01 ,NFD-HI/LOW FLOW
NF02 ,NFD-FAILED TO ACCEPT
NF03 ,NFD-COMPUTER FROZE UP
NF04 ,NFD-OP ERR NOT HOOKED UP
NF05 ,NFD-ENG OR TRIAL UNIT
NF06 ,NFD-OVEN IGNITION TIME
NF07 ,NFD-GROUND PATH
NF08 ,NFD-REPAIR NOT SIGNEDOFF
NF09 ,NFD-FAILED AIR TEST
NF10 ,NFD-SURF IGNITION TIME
NF11 ,NFD-COMMUNICATION CHECK
NF12 ,NFD-GLOW TEST
NF13 ,DEFECTIVE TICKET
NF14 ,NO VISUL DEFECT-MISC
NF15 ,NFD-EOL WRITE
NF16 ,NFD-FUSE BLOWN TEST EQUI
NF17 ,NO HYPOT MACH CNTL BRD
NF18 ,NFD-OP ABORTED TEST
NF19 ,NFD Probe Jack
NF20 ,NFD-NO POWER
NF21 ,NFD-HOOKUP FELL OFF
NF22 ,NFD CONV BAK WATTS OVRLP
NF23 ,NFD Convection Fan
NF24 ,NFD-HOOKUP FAILURE ODD
NF25 ,NFD-BREAKER OFF
NF26 ,UNABLE TO HOOK-UP
NF27 ,NFD-SCAN CROSSED
NF28 ,NFD-SKIPS TEST STATION
NF29 ,NFD-WILL NOT SCAN
NF30 ,NFD-GAS LEAK RETEST
NF31 ,GLOW TEST TIMES OUT
NF32 ,NFD-No Scan Mac ID
NF35 ,NFD-TROLLEY UNPLUGGED
NF36 ,NFD-Communication Lost
NF40 ,NFD-NO REPAIR GAS LEAK
NF43 ,NFD-SURFACE ELEM/NO DROP
NF49 ,NFD-LO LIMIT WITHIN 100W
NF50 ,NFD-HI LIMIT WITHIN 100W
NF51 ,NFD-KNOBS NOT SET
NF52 ,NFD-ROCKER SW NOT SET
NF53 ,NFD-Tester RJ45 Unplug
NF54 ,NFD-Timed Out
NF55 ,NFD-OVERFLOW FULL
NF66 ,NFD-NO GROUND MAGNET OFF
NF70 ,NFD-TROLLEY BAD
NF71 ,NFD-LINE ON AND OFF
NF72 ,NFD-SHOWS HYPOT
NF73 ,NFD-HOOK UP WIRE BROKE
NF74 ,NFD-INVALID MODEL NUMBER
NF75 ,NFD-SCANNER BAD
NF76 ,NFD-LOST POWER ON TROLLY
NF77 ,NFD-LOST POWR TROLY 9095
NF78 ,NFD-NO MODEL NUMBER
NF79 ,NFD-NO SCAN
NF80 ,NFD-SCAN OPERATOR ERROR
NF85 ,Safety Test Passed
NF88 ,Empty Trolley
NF89 ,NFD-TROLLY ALIGNMENT
NF90 ,NFD-RANGES TOO CLOSE
NF92 ,NFD-Clean Low Watts
NF93 ,NFD-BUTTON STUCK
NF94 ,NFD-OPERATOR ERROR
NF95 ,NFD-TEST EQUIP FAILURE
NF96 ,NFD-LOCK REFERENCE INIT
NF97 ,NFD-NEUTRAL CURRENT
NF98 ,NFD-WRONG DATA IN FTP
NF99 ,PLASTIC COVERING TICKET
NFD1 ,NFD-STATION #1
NFD2 ,NFD-STATION #2
NFD3 ,NFD-STATION #3
NFD4 ,NFD-STATION #4
NFD5 ,NFD-STATION #5
NFD6 ,NFD-STATION #6
NFD7 ,NFD-STATION #7
NFD8 ,NFD-STATION #8
NFD9 ,NFD-TEST STATION
NFDH ,NFD-HOOKUP FAILURE EVEN
NFDT ,NFD-MOD/SER # TRANSPOSED
NO01 ,NO VISUAL REPAIR TEAM 1A
NO02 ,NO VISUAL REPAIR TEAM 1B
NO03 ,NO VISUAL REPAIR TEAM 1C
NO04 ,NO VISUAL REPAIR TEAM 1D
NO05 ,NO VISUAL REPAIR TEAM 1E
NO06 ,NO VISUAL REPAIR TEAM 1F
NO07 ,NO VISUAL REPAIR TEAM 1G
NO08 ,NO VISUAL REPAIR TEAM 1H
NO09 ,NO VISUAL REPAIR TEAM 1I
NO10 ,NO VISUAL REPAIR TEAM 1J
NO11 ,NO VISUAL REPAIR TEAM 1K
NO12 ,NO VISUAL REPAIR TEAM 1L
NO13 ,NO VISUAL REPAIR TEAM 2A
NO14 ,NO VISUAL REPAIR TEAM 2B
NO15 ,NO VISUAL REPAIR TEAM 2C
NO16 ,NO VISUAL REPAIR TEAM 2D
NO17 ,NO VISUAL REPAIR TEAM 2E
NO18 ,NO VISUAL REPAIR TEAM 2F
NO19 ,NO VISUAL REPAIR TEAM 2G
NO20 ,NO VISUAL REPAIR TEAM 2H
NO21 ,NO VISUAL REPAIR TEAM 2I
NO22 ,NO VISUAL REPAIR TEAM 2J
NR01 ,NR-VISUAL CONTROL PANEL
NR02 ,NR-VISUAL FRONT FRAME
NR03 ,NR-VISUAL OVEN CAVITY
NR04 ,NR-VISUAL DOOR
NR05 ,NR-VISUAL MAINTOP COIL
NR07 ,NR-VISUAL MAINTOP RAD
NR08 ,NR-VISUAL BODYSIDE
NR09 ,NR-VISUAL GAS MAINTOP
NR10 ,NR-VISUAL KNOBS
NR11 ,NR-VISUAL DOOR FRAME
NR12 ,NR-VISUAL RTV
NR20 ,NR-VISUAL OVERLAY
NR34 ,NR-VISUAL RANGE UNLEVEL
NR35 ,NR-VISUAL DRAWER
NR36 ,NR-VISUAL DOOR LINER
NR54 ,NR-VISUAL BURN BOX BTM
NR60 ,NR-VISUAL HOT LIGHT ON
NR61 ,NR-NO DROP TEST TIME
NR63 ,NR-LOCK INTERMITTENT
NR70 ,NR-LOCK CYCLE SLOW
NR75 ,NR-REPAIR REJECTED
NR80 ,NR-Vertical Brace
NR99 ,NFD-LINE JAM UP
NS01 ,BAD CLEAR COAT
NS02 ,BAD PRINT
NS03 ,DAMAGED
NS04 ,DENT
NS05 ,FINGER PRINT
NS06 ,INK SMUDGE
NS07 ,LINT
NS08 ,MIS-ALIGN
NS09 ,MISCELLANEOUS
NS10 ,PAINT DEFECT
NS11 ,SCRATCH
NS12 ,TRASH
NS13 ,LIGHT SPRAY
NS14 ,SPLATTERS
NS15 ,RESPRAY
NS16 ,BLACK MATTE DEFECT
NS17 ,BUBBLES
NS18 ,STREAKS
NS19 ,NO CLEAR COAT
NS20 ,CRATERS/PITS
NS21 ,BAD MATTE
NS22 ,LEAKS
NS23 ,ALIGNMENT
NS24 ,BREAK IN GRAPHIC
NS25 ,LIFT IN GRAPHIC
NS26 ,INCORRECT GRAPHIC
NS27 ,DISCOLORATION
NS28 ,BREAK BEFORE OVEN
NS29 ,BREAK AFTER OVEN
NS30 ,ASM RETURN
NS31 ,GRAPHIC BLURR
NS32 ,INK YELLOWED
NS33 ,A-DIRTY
NS50 ,GRAPHIC LOCATION
NS51 ,PARTIAL GRAPHIC
NT01 ,BRASS NUT LOOSE
NT02 ,BRASS NUT DEFECTIVE
OBK1 ,ORIFICE BAKE DEFECTIVE
OBR2 ,ORIFICE BROIL DEFECTIVE
OLF3 ,ORIFICE LF DEFECTIVE
OLR4 ,ORIFICE LR DEFECTIVE
OMR7 ,ORIFICE MR DEFECTIVE
ORF5 ,ORIFICE RF DEFECTIVE
ORR6 ,ORIFICE RR DEFECTIVE
OV50 ,OVERLAY CROOKED
OV51 ,OVERLAY NUTS LOOSE
OV52 ,OVERLAY NUTS MISSING
P ,A-MUD CRACK
PA01 ,PACKOUT DAMAGED
PC01 ,POWER CORD MISPLUGGED
PC02 ,POWER CORD CROSSWIRED
PD01 ,SHOCK PAD MISSING
PI01 ,CHEMICAL SPOTS
PI02 ,HEAVY SPRAY
PI03 ,KV REJECTION
PI04 ,ROUGH SPRAY
PI05 ,SPLATTERS
PI06 ,TRASH
PI07 ,WATER
PI08 ,BAD REWORK
PI09 ,DENTS
PI10 ,PIPE BRACKET ASM WRONG
PI11 ,PIPES CROSSED
PI12 ,PIPE PINCHED
PL01 ,PLASTIC ASMD IN CLOCK
PL05 ,Plastic on UI
POT ,UNKNOWN
PP00 ,PrePack Equip Failure
PQUL ,PRECEIVED QUALITY ERROR
PR01 ,PROP ROD MISSING
PR03 ,PROP ROD WRONG
PR04 ,PROP ROD ASM WRONG
PR10 ,PROP ROD CLIP DAMAGED
PRB1 ,PROBE DEFECTIVE
PRB2 ,PROBE UNPLUGGED
PSB1 ,LED PS Board Defective
R005 ,RESPRAY STARRING
R101 ,RESPRAY CHIPPED
R118 ,RESPRAY TRASH
R124 ,RESPRAY BLUE SPOTS
R157 ,PROCESS SCAR RS
RB01 ,RELAY BOX MISSING
RB02 ,RELAY BOX UNPLUGGED
RB10 ,RELAY BOARD UNPLUG UPPER
RB11 ,RELAY BOARD UNPLUG LOWER
RB12 ,RELAY BOARD CRSWIRED UP
RB13 ,RELAY BOARD CRSWIRED LOW
RB14 ,RELAY BOARD DEFECTIVE
RB15 ,RELAY BOARD DAMAGED
RB16 ,RELAY BOARD SCREW LOOSE
RB17 ,RELAY BOARD MISSING
RB25 ,RIBBON CUT
RB26 ,RIBBON DAMAGED
RC00 ,RC17 Wire Loose
RC01 ,RC17 Board Crosswired
RC02 ,RC17 Board Not Plugged
RC03 ,RC17 Board Defective
RE01 ,REPAIR OPERATOR ERROR
RJ01 ,RJ45 BOARD DAMAGED
RJ02 ,RJ45 BOARD DEFECTIVE
RJ03 ,RJ45 CABLE UNPLUGGED
RJ04 ,RJ45 RED/WHITE WIRE UNPL
RJ05 ,RJ45 HARN CONN NT SECURE
RJ06 ,RJ45 Damaged
RJ07 ,RJ45 Asm Wrong
RJ08 ,RJ45 Unplugged
RJ09 ,RJ45 Cable Defective
RJ10 ,RJ45 Missing
RT00 ,Rear Trim Damaged
RT01 ,Rear Trim Asm Wrong
RT02 ,Rear Trim Defective
RT03 ,Rear Trim Missing
RUNS ,UNKNOWN
S ,UNKNOWN
SB01 ,SLIDER BOARD DEFECTIVE
SB02 ,Scorpion Brd Crosswired
SB03 ,Scorpion Brd Not Plugged
SB04 ,Scorpion Brd Defective
SC07 ,SCREWS FASTENERS DAMAGED
SC08 ,SCREWS DEFECTIVE
SC09 ,SCREWS ASSEMBLED WRONG
SC10 ,SCREWS LOOSE
SC11 ,SCREWS MISSING
SC12 ,SCREWS WRONG PART USED
SC13 ,SCREWS IN COOLING FAN
SC14 ,BBB SCREW LOOSE
SC15 ,DOOR SCREW LOOSE
SC16 ,TRIM SCREW LOOSE
SC17 ,BBB SCREW MISSING
SC18 ,DOOR SCREW MISSING
SC19 ,TERM BOX SCREW MISSING
SC20 ,TRIM SCREW MISSING
SC21 ,END PLATE SCREW MISSING
SC23 ,SCREW BROKE IN V-BRACE
SC25 ,TERMINAL BLOCK SCR MISS
SC30 ,DOOR SCREW LOOSE COLORS
SC35 ,Screw in Cooling Fan UPR
SC36 ,Screw in Cooling Fan LOW
SCN1 ,SCANNER 1
SCN2 ,SCANNER 2
SCNR ,SCANNER REPAIR DECK
SCW3 ,SCREW LOOSE NO REPAIR
SD01 ,SHIELD ASM WRONG
SD02 ,SHIELD DAMAGED
SD03 ,SHIELD DEFECTIVE
SD04 ,SHIELD LOOSE
SD05 ,SHIELD MISSING
SD06 ,SHIELD WRONG
SE01 ,SIDE EXTENSION DEFECTIVE
SE02 ,SIDE EXTENSION ASM WRG
SE03 ,SIDE EXTENSION MISSING
SE04 ,SIDE EXTENSION WRG PART
SI01 ,SIGNAL WIRE UNPLUGGED
SL01 ,RTV SEAL DAMAGED
SL02 ,RTV SEAL DEFECTIVE
SL03 ,SEALS OTHER ASMD WRONG
SL04 ,RTV SEAL LOOSE
SL05 ,SEALS MISSING
SL06 ,SEALS WRONG
SL07 ,SEAL ASSEMBLED WRONG
SP03 ,SPRINGS ASSEMBLED WRONG
SP04 ,SPRINGS MISSING
SP05 ,SPRINGS WRONG
SP25 ,SPARK MODULE PC UNPLUG
SP26 ,SPARK MODULE DAMAGED
SP27 ,SPARK MOD MISSPLUGGED
SP50 ,SPIDER DEFECTIVE
SP51 ,SPIDER LOOSE
SP52 ,SPIDER WRONG PART
SP53 ,SPIDER ASM WRONG
SP54 ,SPIDER CLIP MISSING
SP55 ,SPIDER CLIP ASM WRONG
SP56 ,SPIDER CLIP DAMAGED
SP57 ,SPIDER SCREW MISSING
SP58 ,SPIDER DAMAGED
SR01 ,SIDE RETAINER LOOSE
SS00 ,SS CNTL PNL SCRATCHED
SS01 ,SS CNTL PNL TAPE MISSING
SS04 ,SS DOOR PANEL DEF UPPER
SS05 ,SS DOOR PANEL DEF LOWER
SS06 ,SS DOOR PANEL DMGD UPPER
SS07 ,SS DOOR PANEL DMGD LOWER
SS20 ,STAINLESS NOT BLENDED
SS50 ,SS CNTL PNL OVERLAY DMGD
SS51 ,SS CNTL PNL OVERLAY DEF
SS52 ,SS CNTL PNL OVERLAY ASWG
ST14 ,STRIKE DAMAGED
ST15 ,STRIKE DEFECTIVE
ST16 ,STRIKE ASSEMBLED WRONG
ST18 ,STRIKE MISSING
ST19 ,STRIKE WRONG
ST20 ,SIDE TRIM DAMAGED
ST21 ,SIDE TRIM DEFECTIVE
ST22 ,SIDE TRIM ASM WRONG
ST23 ,SIDE TRIM LOOSE
ST24 ,SIDE TRIM MISSING
ST25 ,SIDE TRIM WRONG
ST26 ,SIDE TRIM SCREW MISSING
ST27 ,SIDE TRIM DIRTY
SW00 ,SAIL SWITCH DEFECTIVE
SW01 ,SAIL SWITCH MISSING
SW02 ,SAIL SWITCH UNPLUGGED
SW03 ,SAIL SWITCH DAMAGED
SW04 ,SELECTOR SWITCH ASMD WRG
SW05 ,SELECTOR SWITCH DAMAGED
SW06 ,BRIDGE ELEM SWITCH DMGD
SW07 ,BRIDGE ELEM SWITCH DEF
SW08 ,SELECTOR SWITCH UNPLUG
SW09 ,SWITCH BRDG EL UNPLUGGED
SW10 ,BRIDGE SWITCH WRONG PART
SW11 ,LIGHT SWITCH ASSM WRONG
SW50 ,SAIL SWITCH HARNESS DEF
SW51 ,SAIL SWITCH HARNESS DMGD
SW52 ,SELECTOR SWITCH CRSSWIRE
TA01 ,TAPE MISSING
TA02 ,TAPE DAMAGED
TA03 ,TAPE BETWEEN WEIGHTS
TA04 ,TAPE MISSING BACKGUARD
TA05 ,TAPE SHOWS UNDER OVERLAY
TA06 ,TAPE SHOWS UNDER DOOR
TA07 ,TAPE SHOWS UNDER DRAWER
TA08 ,TAPE SHOWS UNDER CP
TB01 ,TOUCH BOARD ASMD WRONG
TB02 ,TOUCH BOARD DAMAGED
TB03 ,TOUCH BOARD DEFECTIVE
TB04 ,TOUCH BOARD LOOSE
TB05 ,TOUCH BOARD ALIGNMENT
TB20 ,Temp Board Defective
TB50 ,TERM BLK INSULATOR MISS
TB51 ,TERM BLK BRKT COVER MISS
TB60 ,Tactile Btn Defective
TB61 ,Tactile Btn Hard to Push
TB75 ,TERMINAL BOX MISSING
TB76 ,TERMINAL BOX DAMAGED
TB77 ,TERMINAL BOX WRONG
TD00 ,EDGE PROTECTOR MISSING
TD01 ,TEARDROP MISSING
TD02 ,TEAR DROP ASSM WRONG
TE00 ,Test Mode Timeout
TH07 ,THERMOSTAT SENSOR DAMAGE
TH08 ,THERMOSTAT SENSOR DEFECT
TH09 ,SENSOR ASM WRONG
TH10 ,SENSOR LOOSE
TH11 ,THERMOSTAT SENSOR MISSG
TH12 ,SENSOR UNPLUG
TH13 ,THERMOSTAT SENSOR WRONG
TH15 ,SENSOR MISSING
TH17 ,THROAT ASSEMBLED WRONG
TH20 ,THERMOSTAT CROSSWIRED
TH21 ,TOUCH HARNESS DAMAGED
TR01 ,TRIM ASSEMBLED WRONG
TR02 ,TRIM MISSING
TR03 ,TRIM WRONG PART
TR04 ,Trim Missing UPR
TR10 ,Trim Upper Wrong Part
TR11 ,Trim Lower Wrong Part
TR21 ,Trim Upper Asmd Wrong
TR40 ,TRIM DAMAGED
TR41 ,TRIM LOOSE
TR42 ,TRIM DEFECTIVE
TR45 ,TOP TRIM DAMAGED
TRAS ,UNKNOWN
TRB1 ,TRI-RING BURNER DAMAGED
TRB2 ,TRI-RING BURNER DEFECT
TRO1 ,TRI-RING ORIFICE DAMAGED
TRO2 ,TRI-RING ORIFICE DEFECT
TRO3 ,TRI-RING ORIFICE WRGPART
TRO4 ,TRI-RING ORIFICE LOOSE
TRO5 ,TRI-RING ORIFICE MISSING
TSF1 ,TRANSFER IN ERROR
TSF2 ,TRANSFER OUT ERROR
UH04 ,HINGE RECEIVER DAMAGED
UH05 ,HINGE RECEIVER DEFECTIVE
UH06 ,HINGE RECEIVER LOOSE
UH07 ,HINGE RECEIVER MISS UPPR
UH08 ,HINGE RECEIVER MISS LOWR
UH10 ,HINGE RECEIVER LOOSE UPR
UH11 ,HINGE RECEIVER LOOSE LOW
UH12 ,HINGE RECEIVER DEF UPPER
UH13 ,HINGE RECEIVER DEF LOWER
UH20 ,HINGE REC DEF UP RIGHT
UH21 ,HINGE REC DEF UP LEFT
UH22 ,HINGE REC DEF LO RIGHT
UH23 ,HINGE REC DEF LO LEFT
UH24 ,HINGE REC ASM WRONG
UI00 ,UI HARNESS DEFECTIVE
UI01 ,UI HARNESS ASM WRONG
UI02 ,UI HARNESS UNPLUGGED
UI03 ,UI HARNESS CROSSWIRED
UI05 ,UI DEFECTIVE
UI06 ,UI UNPLUGGED
UI07 ,UI NO POWER
UI08 ,UI HARNESS-MISPLUG
UI09 ,UI Damaged
UI10 ,UI Board Wrong Part
UI20 ,UI Rubber Missing
UI21 ,UI Rubber Defective
UN01 ,UNFINISHED
UP00 ,Upsweep Dent
UP01 ,UPSWEEP DAMAGED
UPG1 ,Upsweep Gasket Gap
UW06 ,GLASS PACK MISSING
V400 ,GAS LOCKOUT VALVE ASMWRG
V401 ,GAS LOCKOUT VALVE DAMAGD
V402 ,GAS LOCKOUT VALVE DEFECT
V403 ,GAS LOCKOUT VALVE LOOSE
V404 ,GAS LOCKOUT VALVE LEAK
V420 ,VALVE ASSEMBLED WRONG
V421 ,VALVE DAMAGED
V422 ,VALVE DEFECTIVE
V423 ,VALVE LOOSE
V424 ,VALVE MISSING
V425 ,VALVE ALIGNMENT
V426 ,VALVE LEAKS
V427 ,VALVE WRONG PART
V430 ,VALVE ADJUST LOW-FLOW
V800 ,HINGE MAINTOP ASMD WRONG
VA90 ,Base Pad Braces Missing
VA98 ,BASE PAD WRONG
VA99 ,BASE PAD INSERTER
VB00 ,VENT BOX ALIGNMENT
VB03 ,VENT BOX DEFECTIVE
VB06 ,INLET TUBE WRONG
VB07 ,INLET TUBE DEFECTIVE
VB08 ,INLET TUBE MISSING
VB09 ,INLET TUBE ASM WRONG
VB10 ,INLET TUBE DAMAGED
VB11 ,INLET TUBE SCREW LOOSE
VB12 ,INLET TUBE SCREW MISSING
VB25 ,VERTICAL BRACE DEFECTIVE
VB26 ,VERTICAL BRACE ASM WRONG
VB27 ,VERTICAL BRACE WRONG
VB28 ,VERTICAL BRACE DAMAGED
VB50 ,VERT/HOR BRACE SC LOOSE
VT01 ,VENT TRIM SCRATCH
VT02 ,VENT TRIM WARPED
VT03 ,Vent Trim Asmd Wrg
VT04 ,VENT GASKET MISSING
VT05 ,VENT TUBE SPACER MISSING
VT06 ,VENT FLUES DAMAGED
VT07 ,VENT FLUES DEFECTIVE
VT08 ,VENT FLUES ASSEMBLED WRG
VT09 ,VENT FLUES LOOSE
VT10 ,VENT FLUES MISSING
VT11 ,VENT FLUES WRONG
VT12 ,VENT TRIM METAL DAMAGED
VT13 ,VENT TRIM METAL DEFECT
VT20 ,VENT TRIM PLASTIC DMGD
VT21 ,VENT TRIM PLASTIC DEFECT
VT22 ,VENT TRIM PLASTIC ASMWRG
VT32 ,VENT TRIM METAL ASMWRG
VT33 ,Vent Trim Wrong Part
VV90 ,GLASS PACK DAMAGED
VV91 ,GLASS PACK DEFECTIVE
VV92 ,GLASS PACK ASMD WRG
VV93 ,GLASS PACK WRONG PART
WA00 ,WASHER DAMAGED
WB01 ,WING BOARD LOOSE
WB02 ,WING BOARD MISSING
WB03 ,WING BOARD DEFECTIVE
WB04 ,WING BOARD ASM WRONG
WB05 ,WING BOARD CROSSWIRED
WB06 ,WING BOARD UNPLUGGED
WH01 ,WIRE HARNESS (TOP) DMGD
WH02 ,WIRE HARNESS (REAR) DMGD
WH03 ,WIRE HARNESS (TOP) DEF
WH04 ,WIRE HARNESS (REAR) DEF
WH05 ,WIRE HARNESS TOP ASM WRG
WH06 ,WIRE HARNES REAR ASM WRG
WH07 ,WIRE HARNESS (TOP) LOOSE
WH08 ,WIRE HARNESS (REAR) LOOS
WH09 ,WIRE HARNESS (TOP) MISS
WH10 ,WIRE HARNESS (REAR) MISS
WH11 ,WIRE HARNESS (TOP) WRONG
WH12 ,WIRE HARNESS (REAR) WRNG
WH13 ,WIRE HARNESS TOP UNPLUGD
WH14 ,WIRE HARNES REAR UNPLUGD
WH25 ,WIRE HARNESS DAMAGED
WI01 ,PINCHED WIRE WIRE COVER
WI02 ,WiFi Label Missing
WI03 ,WiFi Unplugged
WI04 ,WIFI Quiet Command
WIB1 ,WiFi Board Unplugged
WIF1 ,WIFI LABEL WRONG
WIF2 ,WIFI ASSMBLED WRONG
WIF3 ,WIFI ASSEMBLY DEFECTIVE
WIF4 ,WIFI ASSEMBLY DAMAGED
WIF5 ,WIFI ASSEM UNPLUGGED
WIF7 ,WiFi Label Reprint
WIF8 ,WIFI BOARD DEFECTIVE
WIF9 ,WiFi Board Damaged
WIH1 ,WiFi Harness Missing
WIH2 ,WiFi Harness Unplugged
WL01 ,WiFi Label Missing
WR01 ,WIRE ROUTED WRONG
WR02 ,WIRE PINCHED BRACKET
WR03 ,Scorpion Wire Loose
WT02 ,WEIGHTS ASMD WRG
WT03 ,WEIGHTS LOOSE
WT04 ,WEIGHTS MISSING
WT10 ,WIR TIE NOT CLIPPED DOWN
WT15 ,WIRING TRIPPED BREAKER
X000 ,BOILOUT
X001 ,BENT / DENT
X002 ,BLACK SPECKS
X003 ,BUMPS / LUMPS (FINISH)
X004 ,BURRS
X005 ,STARRING
X006 ,CLEAN-UP PARTS
X007 ,COLOR OVER COLOR
X008 ,CONTAMINATED (DIRT)
X009 ,CONTAMINATED (MARKERS)
X010 ,CONTAMINATED (WASHER)
X011 ,PROCESS DMG - CONVEYOR
X012 ,PROCESS DMG - LIFT TRUCK
X013 ,PROCESS DMG - OPERATOR
X014 ,DESIGN
X015 ,DIMENSIONAL
X016 ,DISCOLORED
X017 ,EQUIPMENT BREAKDOWN
X018 ,FISH SCALE
X019 ,FISH-EYES
X020 ,FLOWCOAT MISS
X021 ,FURNACE SCRAP
X022 ,HAIRLINE
X023 ,HANGER TABS
X024 ,HEAVY SPRAY
X025 ,LAMINATED
X026 ,LIGHT SPRAY
X027 ,MARKS (DIE)
X028 ,MARKS (ROLLER)
X029 ,MARKS (SLUGS)
X030 ,METAL FINISH
X031 ,MIS-FEED
X032 ,MIS - FORM
X033 ,NOT BRUSHED (1ST RUN)
X034 ,NOT BRUSHED (2ND RUN)
X035 ,OBSOLETE
X036 ,OUT-GASING
X037 ,TEAR DOWN
X038 ,PITS / CRATERS
X039 ,POOR BOND
X040 ,POWDER FALLOFF
X041 ,REFIRE
X042 ,RUST
X043 ,SCARS (FINISH)
X044 ,SET - UP
X045 ,SLIVERS
X046 ,SPALLING
X047 ,SPLITS / BUSTED
X048 ,TRIAL RUNS
X049 ,UNDERFIRED
X050 ,WARP
X051 ,WATER SPOTS
X052 ,WEAK BASECOAT
X053 ,WELD BURNS
X054 ,WELDED OFF
X055 ,WELDER (SLUGS)
X056 ,WELDS (APPEARANCE)
X057 ,WELDS BROKE/LOOSE/MISSIN
X058 ,MARKS (ROPE)
X059 ,MARKS (MANDREL)
X060 ,ENAMEL REWORK
X061 ,COMTAMINATED (OIL)
X062 ,SCREEN MESS - UP
X063 ,BAND MARKS (STEEL)
X064 ,SCRATCHES
X065 ,PULL TEST
X066 ,WHT BOOTH CONVEYOR SCARS
X067 ,BURN OFF
X068 ,WRINKLES
X069 ,WRONG MATERIAL
X070 ,POWER FAILURE
X071 ,GUN SPLATTERS
X072 ,SOAP MARKS
X074 ,REDESIGN RACKS/MAINTOP
X075 ,BOND CHECK
X076 ,RUB MARK
X077 ,ROUGH SPRAY 1ST RUN
X078 ,TOGGLE
X079 ,WELD FIXTURE MARKS
X080 ,LUBE DEFECT
X081 ,WELD SCREW MARK
X082 ,WELD TOOL MARK
X083 ,WAREHOUSE F/G DAMAGE
X084 ,LEAN PROJECT TRIAL
X085 ,TAIL SCRAP
X086 ,DIE / MECHANICAL PROBLEM
X087 ,PROCESS DMG - ELEVATOR
X088 ,PROCESS DMG - T-TABLE
X089 ,PROCESS DMG - ERECTOR
X090 ,PROCESS DMG - GLUER
X091 ,PROCESS DMG - TAPE EQMT
X092 ,PROCESS DMG - PUSHER
X093 ,WRITING ON PARTS
X094 ,WATER DAMAGE
X095 ,FRAME BENDER DAMAGE
X096 ,STACKER DAMAGE
X097 ,CONTAINER DAMAGE
X098 ,CONTRACTOR DAMAGE
X099 ,COIL HEAD SCRAP
X100 ,GUN SCRATCH
X101 ,CHIPPED
X102 ,BROKE
X103 ,IMPROPER STACKING
X104 ,PACKAGING
X105 ,HOLES STRIPPED
X106 ,ADHESIVE RESIDUE
X107 ,IMPROPER MARKING
X108 ,INCORRECT WIRING
X109 ,CRACKED
X110 ,BROKE TERMINAL
X111 ,MISC MICROWAVE DAMAGE
X112 ,CROSSTHREAD
X113 ,WELD CHIPS
X114 ,BRUSH SCAR
X115 ,CHEMICAL SPOTS
X116 ,NO EMBOSS AROUND CLOCK
X117 ,GALL MARK
X118 ,TRASH
X119 ,MT BRACKET BENT
X120 ,BRACKET INSERT WRONG
X121 ,ENAMEL/PAINT RUN
X122 ,BASE MODULE MACHINE
X123 ,DRAWER MACHINE
X124 ,BLUE SPOTS
X125 ,RESPRAY BLUE SPOTS
X126 ,CREASE
X127 ,NO REWORK
X128 ,HUNG WRONG ON FURNACE
X129 ,WASHER DAMAGE
X130 ,DAMAGED PART
X131 ,NO STORAGE AREA
X132 ,IMPROPER STORAGE AREA
X133 ,STRIP DENTS
X134 ,TAB NOT FOLDED DOWN
X135 ,SHARP FLANGE EDGES
X136 ,HOLE IN MATERIAL
X137 ,MISGAUGED BRACE
X138 ,BRACKET (NO BOND)
X139 ,HOOK SCAR
X140 ,TOX MACHINE DAMAGED
X141 ,TOX - MISSING BRACKET
X142 ,TOX-LOOSE BRACKET
X143 ,SHIPPING DAMAGE
X144 ,END OF COIL
X145 ,PRE-PAINT STEEL
X146 ,DAMAGE-AUTOMATION
X147 ,RUST - STRIP PART
X148 ,WELDER - MISGAGE
X149 ,BOWED
X150 ,STEEL - STRESS LINES
X151 ,BASE COAT FALLON
X152 ,BAD CURL
X153 ,BRACKET MISSING/WRONG
X154 ,FURNACE HOOK DENT
X156 ,NON WASH DEFECT
X157 ,PROCESS SCAR
X158 ,MUD CRACK
X159 ,A-BASECOAT FALLOFF
X160 ,Worm Tracks
X161 ,Loose Front Tox
X162 ,Partial Graphic
X163 ,Wrong Graphic
x164 ,SPLATTER_PAINT
X165 ,BUMPS_PAINT
X166 ,OUTGASSING_PAINT
X167 ,OUTGASSING_HEAT_TRANSFER
X200 ,BARON CHIPS
X201 ,BARON APPEARANCE
X202 ,BARON INTERNAL DEFECT
X203 ,ROPER DEFECT AT BARON
X204 ,BARON RGA
X206 ,ASM FURNACE SCARS
X210 ,WHITE SPECKS
X211 ,DRIED LUBE
X212 ,PAINT RACK DEFECTIVE
X213 ,BENT BRACKET
X214 ,TROUBLESHOOTING
X215 ,WELD CHECK
X216 ,Orangepeel
X217 ,HT_OIL
X218 ,DRIP
X219 ,RACK DENT
X220 ,FLOW COAT SPLATTER
X221 ,CHAIN GREASE
X222 ,ROBOT BURN-OFF
X223 ,ASSEMBLY CRACK FLANGE
XR01 ,RESPRAY BENT DENT
XR02 ,RESPRAY BLACK SPECKS
XR03 ,RESPRAY BUMPS/LUMPS
XR04 ,RESPRAY BURRS
XR08 ,RESPRAY DIRT
XR09 ,RESPRAY MARKERS
XR10 ,RESPRAY WASHER
XR11 ,RESPRAY CONVEYOR DAMAGE
XR12 ,RESPRAY FORK TRUCK
XR13 ,RESPRAY PEOPLE DAMAGE
XR16 ,RESPRAY DISCOLORED
XR18 ,RESPRAY FISH SCALE
XR22 ,RESPRAY HAIRLINE
XR24 ,RESPRAY HEAVY SPRAY
XR25 ,RESPRAY LAMINATED
XR26 ,RESPRAY LIGHT SPRAY
XR27 ,RESPRAY DIE MARKS
XR28 ,RESPRAY ROLLER MARKS
XR29 ,RESPRAY SLUG MARKS
XR30 ,RESPRAY METAL FINISH
XR38 ,RESPRAY PITS/CRATERS
XR40 ,RESPRAY POWDER FALLOFF
XR42 ,RESPRAY RUST
XR43 ,RESPRAY SCARS
XR45 ,RESPRAY SLIVERS
XR50 ,RESPRAY WARP
XR51 ,RESPRAY WATER SPOTS
XR53 ,RESPRAY WELD BURNS
XR54 ,RESPRAY WELDED OFF
XR55 ,RESPRAY WELDER SLUGS
XR56 ,RESPRAY WELDS APPEARANCE
XR57 ,RESPRAY WELD BROKE/LOOSE
XR60 ,RESPRAY ENAMEL REWORK
XR61 ,RESPRAY CONTAMINATED OIL
XR63 ,RESPRAY BAND MARKS
XR67 ,RESPRAY BURN OFF
XR70 ,RESPRAY POWER FAILURE
XR71 ,RESPRAY GUNSPLATTERS
XR72 ,RESPRAY SOAP MARKS
XR74 ,RESPRAY REDESIGN RACKS
XR80 ,RESPRAY LUBE DEFECT
XR81 ,RS HEAVY BASECOAT
XR82 ,RS RESPRAY FILM
XR83 ,RS ROUGH SPRAY
XR84 ,RS CHIPPED
XT01 ,Cross Hatch Test
XT02 ,Graphics Tape Test
